name;duration;rank;explicit;artist;album_genres;album_release_date;album_fans;artist_fans;artist_albums
Hallelujah - Rufus Wainwright;248;636591;0;Rufus Wainwright;Films/Games,Film Scores;2007;22658;38176;27
All Star - Smash Mouth;200;629107;0;Smash Mouth;Films/Games,Film Scores;2007;22658;47515;16
I'm A Believer - Smash Mouth;185;627486;0;Smash Mouth;Films/Games,Film Scores;2007;22658;47515;16
It Is You (I Have Loved) - Dana Glover;238;449121;0;Dana Glover;Films/Games,Film Scores;2007;22658;587;4
Bad Reputation - Halfcocked;141;467897;0;Halfcocked;Films/Games,Film Scores;2007;22658;141;0
My Hometown (Live at the Walter Kerr Theatre, New York, NY - July 2018) - Bruce Springsteen;239;418483;0;Bruce Springsteen;Rock;2018;8183;756326;56
My Father's House (Live at the Walter Kerr Theatre, New York, NY - July 2018) - Bruce Springsteen;382;224026;0;Bruce Springsteen;Rock;2018;8183;756326;56
The Wish (Live at the Walter Kerr Theatre, New York, NY - July 2018) - Bruce Springsteen;264;218895;0;Bruce Springsteen;Rock;2018;8183;756326;56
Let It Rock - Kevin Rudolf;236;467581;1;Kevin Rudolf;Pop;2008;970;23852;24
The Worst MC - Gonzales;243;103039;0;Gonzales;Pop;1999;160;13047;15
The Rising (Live at the Walter Kerr Theatre, New York, NY - July 2018) - Bruce Springsteen;273;222843;0;Bruce Springsteen;Rock;2018;8183;756326;56
Partenaire Particulier - Partenaire Particulier;246;837445;0;Partenaire Particulier;Pop,International Pop;2009;8792;15525;12
All Day & All Of The Night - (Tribute to The Kinks) - Studio Allstars;147;141372;0;Studio Allstars;Kids,Films/Games,Film Scores;2009;6368;104610;281
Harder, Better, Faster, Stronger - Daft Punk;226;500595;0;Daft Punk;Dance;2001;18214;3771602;31
One More Time - Daft Punk;320;880360;0;Daft Punk;Dance;2001;209501;3771602;31
Technologic - Daft Punk;284;596199;0;Daft Punk;Dance;2005;77660;3771602;31
Je l'appelle de mes voeux - ;280;244448;0;;Alternative,Indie Rock,Pop,Indie Pop/Folk,Rock,Singer & Songwriter;2007;29708;57222;28
Inspiration et circonstances - ;247;170440;0;;Alternative,Indie Rock,Pop,Indie Pop/Folk,Rock,Singer & Songwriter;2007;29708;57222;28
Ces grands moments de solitude (Ou l'art licat de passer pour un con) - ;185;182583;0;;Alternative,Indie Rock,Pop,Indie Pop/Folk,Rock,Singer & Songwriter;2007;29708;57222;28
Emma Stanton - ;171;312001;0;;Alternative,Indie Rock,Pop,Indie Pop/Folk,Rock,Singer & Songwriter;2007;29708;57222;28
La tchave - ;158;159167;0;;Alternative,Indie Rock,Pop,Indie Pop/Folk,Rock,Singer & Songwriter;2007;29708;57222;28
La pudeur - ;209;182219;0;;Alternative,Indie Rock,Pop,Indie Pop/Folk,Rock,Singer & Songwriter;2007;29708;57222;28
Flou - ;353;192217;0;;Alternative,Indie Rock,Pop,Indie Pop/Folk,Rock,Singer & Songwriter;2007;29708;57222;28
Le long de la gve (Rimouski) - ;40;180117;0;;Alternative,Indie Rock,Pop,Indie Pop/Folk,Rock,Singer & Songwriter;2007;29708;57222;28
Thanks For Nothing - Sum 41;184;505370;1;Sum 41;Pop;2002;42858;854912;19
No Brains - Sum 41;166;477529;1;Sum 41;Pop;2002;42858;854912;19
Mr. Amsterdam - Sum 41;176;415497;1;Sum 41;Pop;2002;42858;854912;19
All Messed Up - Sum 41;164;414727;1;Sum 41;Pop;2002;42858;854912;19
Billy Spleen - Sum 41;152;388454;1;Sum 41;Pop;2002;42858;854912;19
Nothing On My Back - Sum 41;181;409242;0;Sum 41;Rock;2001;51795;854912;19
Heart Attack - Sum 41;168;385809;0;Sum 41;Rock;2001;51795;854912;19
Count Your Last Blessings - Sum 41;162;128294;0;Sum 41;Rock;2007;1818;854912;19
Speak Of The Devil - Sum 41;238;381262;0;Sum 41;Alternative;2007;29111;854912;19
Emmenez-moi (Live Olympia 1972) - Charles Aznavour;238;243528;0;Charles Aznavour;Pop;2009;1385;354348;94
Forever And Ever - Demis Roussos;217;416877;0;Demis Roussos;Pop;2006;6801;36144;21
Queen of the Fools - ROVER;206;328896;0;ROVER;Alternative;2012;12403;25816;9
Bronson - Nasser;238;318168;0;Nasser;Alternative,Indie Rock,Rock;2013;8582;17924;10
Black Sands - Bonobo;409;631481;0;Bonobo;Electro;2010;58438;286351;36
My Type - Saint Motel;206;881475;0;Saint Motel;Alternative;2014;4396;40245;22
Para Bailar (Alika Y Nueva Alianza Remix) - El Hijo de la Cumbia;205;270143;0;El Hijo de la Cumbia;Electro,Dance,Rap/Hip Hop,Pop,Rock;2011;2155;1549;6
Mr. Bojangles - Nina Simone;299;670300;0;Nina Simone;Pop;2003;16494;1839410;28
Familr - Agnes Obel;234;506997;0;Agnes Obel;Alternative;2016;3666;176583;27
Baby Night - Sweet Smoke;994;362041;0;Sweet Smoke;Rock;2003;12701;6993;3
My Silver Lining - First Aid Kit;215;785539;0;First Aid Kit;Alternative,Folk;2014;44498;110227;22
Stretch Your Eyes - Agnes Obel;311;243256;0;Agnes Obel;Alternative;2016;774;176583;27
Les portes claquent - La Grande Sophie;175;443581;0;La Grande Sophie;Pop;2016;952;43971;7
Han - La Grande Sophie;348;494312;0;La Grande Sophie;Pop;2015;14029;43971;7
Down - Marian Hill;197;685728;0;Marian Hill;Electro;2016;10255;26481;19
Astral Plane - Valerie June;214;331147;0;Valerie June;Singer & Songwriter;2017;3858;25465;11
Silver Lining (Clap Your Hands) - IMANY;241;617009;0;IMANY;Pop;2016;43477;323674;15
Ne me change pas - Mesparrow;207;271204;0;Mesparrow;Pop;2016;2220;10580;5
Mes onomatoes - Mesparrow;172;262159;0;Mesparrow;Pop;2016;2220;10580;5
Stand The Ghetto - Bernard Lavilliers;267;371119;0;Bernard Lavilliers;Pop;2002;5250;113751;26
Mountains O' Things - Tracy Chapman;279;591822;0;Tracy Chapman;Folk;1988;140768;408538;10
Feel It Still - Portugal. The Man;163;876619;0;Portugal. The Man;Alternative;2017;16672;81408;45
FIGURES - Jessie Reyez;240;775687;1;Jessie Reyez;R&B;2017;11024;32401;19
Fortunate Son - Creedence Clearwater Revival;138;118716;0;Creedence Clearwater Revival;Rock;2001;20234;684091;14
California Dreamin' - The Mamas & The Papas;157;279334;0;The Mamas & The Papas;Pop;1987;4056;77425;11
For What It's Worth (Album Version) - Buffalo Springfield;158;99147;0;Buffalo Springfield;Rock;2001;20234;21919;6
Break On Through (To the Other Side) (Album Version) - The Doors;145;88043;0;The Doors;Rock;2001;20234;2505617;40
San Francisco (Be Sure to Wear Flowers In Your Hair) - Scott McKenzie;178;492573;0;Scott McKenzie;Rock;2001;20234;8268;7
Home - Edward Sharpe & The Magnetic Zeros;306;837318;0;Edward Sharpe & The Magnetic Zeros;Alternative;2009;27756;63557;10
Need Your Love - Curtis Harding;177;895352;0;Curtis Harding;R&B;2017;14113;26906;6
Messaze - Kaf Malbar;210;255509;0;Kaf Malbar;Reggae,Dancehall/Ragga;2009;6754;23663;47
Rak partou (Alkayida Riddim) - Kaf Malbar;206;309508;0;Kaf Malbar;Reggae,Dancehall/Ragga;2014;1006;23663;47
Issues - Julia Michaels;176;803862;0;Julia Michaels;Pop;2017;34180;99542;15
Fireball (feat. Broken Back) - Synapson;190;703213;0;Synapson;Electro,Dance;2015;55712;107450;18
Fade Out Lines (Radio Edit) - The Avener;185;474905;0;The Avener;Electro;2015;54399;276509;25
Say You Won't Let Go - James Arthur;211;679555;0;James Arthur;Pop;2016;74460;645331;43
Looped - Kiasmos;360;15929;0;Kiasmos;Electro;2014;8221;13939;8
Karma Car - Booka Shade;463;51620;0;Booka Shade;Electro;2007;7;61651;71
The Sound Of Silence - Simon & Garfunkel;183;759653;0;Simon & Garfunkel;Pop;2006;6423;611931;17
Bridge over Troubled Water - Simon & Garfunkel;291;406141;0;Simon & Garfunkel;Pop;2007;19446;611931;17
Forever Young - Alphaville;225;11;0;Alphaville;Pop;2002;175;167072;14
Come Back And Stay - Bad Boys Blue;245;0;0;Bad Boys Blue;Pop;2002;175;22700;56
All Through The Night - Cyndi Lauper;269;0;0;Cyndi Lauper;Pop;2002;175;389002;31
Miracle Of Love - Eurythmics;275;14;0;Eurythmics;Pop;2002;175;446252;40
Sounds Like a Melody - Alphaville;267;597745;0;Alphaville;Pop;1991;10461;167072;14
Quand la ville dort - Niagara;225;603132;0;Niagara;Pop;2002;24274;31162;2
Pendant que les champs blent - Niagara;242;647577;0;Niagara;Pop;2002;24274;31162;2
Je dois m'en aller - Niagara;205;447915;0;Niagara;Pop;2002;24274;31162;2
L'amour la plage - Niagara;200;656236;0;Niagara;Pop;2002;24274;31162;2
(I Can't Get No) Satisfaction - The Rolling Stones;222;10202;0;The Rolling Stones;Pop,Rock;2007;3185;4801591;93
She's A Rainbow - The Rolling Stones;252;21419;0;The Rolling Stones;Pop,Rock;2007;3185;4801591;93
Paint It, Black - The Rolling Stones;224;30377;0;The Rolling Stones;Pop;2010;7035;4801591;93
Lady Jane - The Rolling Stones;188;4;0;The Rolling Stones;Pop,Rock;2007;3185;4801591;93
Child Of The Moon (rmk) - The Rolling Stones;190;0;0;The Rolling Stones;Pop;2002;328;4801591;93
West End Girls (2001 Remaster) - Pet Shop Boys;245;254354;0;Pet Shop Boys;Dance;1993;3587;565153;57
It's a Sin - Pet Shop Boys;300;703646;0;Pet Shop Boys;Dance;1991;35103;565153;57
Always on My Mind - Pet Shop Boys;234;736924;0;Pet Shop Boys;Dance;1991;35103;565153;57
America - David Essex;200;9;0;David Essex;Pop,Rock;2006;140;2164;31
Rock On - David Essex;202;0;0;David Essex;Pop,Rock;2006;140;2164;31
Money (2001 Remastered Version) - Pink Floyd;389;360763;0;Pink Floyd;Rock;2001;57389;4548843;48
Hey You (2001 Remastered Version) - Pink Floyd;279;360083;0;Pink Floyd;Rock;2001;57389;4548843;48
Time (2001 Remastered Version) - Pink Floyd;408;339413;0;Pink Floyd;Rock;2001;57389;4548843;48
Close To Me - The Cure;203;566121;0;The Cure;Alternative;2006;12745;1423212;37
Charlotte Sometimes (Live At Zenith, Paris) - The Cure;238;246216;0;The Cure;Alternative;1993;5754;1423212;37
A Forest - The Cure;354;718971;0;The Cure;Alternative;2005;13796;1423255;37
In Between Days (Acoustic Version) - The Cure;181;7;0;The Cure;Alternative;2003;2872;1423212;37
Just Like Heaven - The Cure;212;598619;0;The Cure;Alternative;2006;15433;1423212;37
Gimme! Gimme! Gimme! (A Man After Midnight) - ABBA;289;877865;0;ABBA;Pop;2008;173416;1659552;19
Dancing Queen - ABBA;231;885969;0;ABBA;Pop;2008;173423;1659575;19
The Winner Takes It All - ABBA;295;811213;0;ABBA;Pop;2008;173416;1659552;19
Chiquitita - ABBA;325;634014;0;ABBA;Pop;2008;173416;1659552;19
Super Trouper - ABBA;251;624266;0;ABBA;Pop;2008;173416;1659552;19
Waterloo - ABBA;166;95498;0;ABBA;Pop;2005;2930;1659552;19
Fernando - ABBA;252;595745;0;ABBA;Pop;2008;173416;1659553;19
I Have A Dream - ABBA;283;616070;0;ABBA;Pop;2008;173416;1659553;19
Angie - Various Artists;272;298994;0;Various Artists;Pop,Rock;2009;3136;140957;0
Let's Spend The Night Together - The Rolling Stones;216;3;0;The Rolling Stones;Pop,Rock;2007;3185;4801592;93
It's All Over Now - The Rolling Stones;206;124;0;The Rolling Stones;Pop,Rock;2007;3185;4801592;93
Ruby Tuesday - The Rolling Stones;193;0;0;The Rolling Stones;Pop,Rock;2007;3185;4801592;93
It's Only Rock 'n' Roll - Various Artists;256;105952;0;Various Artists;Pop,Rock;2009;3136;140957;0
The Last Time - The Rolling Stones;223;0;0;The Rolling Stones;Pop;2007;1725;4801592;93
Radioactivity (2009 Remaster) - Kraftwerk;401;509462;0;Kraftwerk;Electro;2009;12155;208920;18
Je T'Ai Manq - Alain Bashung;219;660835;0;Alain Bashung;Pop;2008;86494;158631;17
sidents de la publique - Alain Bashung;200;711346;0;Alain Bashung;Pop;2008;86494;158631;17
Tant De Nuits - Alain Bashung;257;617144;0;Alain Bashung;Pop;2008;86494;158631;17
Hier A Sousse - Alain Bashung;235;579571;0;Alain Bashung;Pop;2008;86494;158631;17
Venus - Alain Bashung;259;589569;0;Alain Bashung;Pop;2008;86494;158631;17
Comme Un Lego - Alain Bashung;544;601865;0;Alain Bashung;Pop;2008;86494;158631;17
Sur Un Traze - Alain Bashung;227;608535;0;Alain Bashung;Pop;2008;86494;158631;17
Je Tuerai La Pianiste - Alain Bashung;371;512145;0;Alain Bashung;Pop;2008;86494;158631;17
Suzanne - Alain Bashung;249;552718;0;Alain Bashung;Pop;2008;86494;158631;17
Le Secret Des Banquises - Alain Bashung;216;505747;0;Alain Bashung;Pop;2008;86494;158631;17
Il Voyage En Solitaire - Alain Bashung;244;562455;0;Alain Bashung;Pop;2008;86498;158673;17
On attendra l'hiver - Julien Do;213;547734;0;Julien Do;;2013;155003;655852;14
U-Turn (Lili) - AaRON;230;807243;0;AaRON;Alternative,Indie Rock,Pop,Rock;2008;62095;170504;8
Le tunnel d'or - AaRON;218;237382;0;AaRON;Alternative,Indie Rock,Pop,Rock;2008;13279;170499;8
After Tonight - Justin Nozuka;217;17;0;Justin Nozuka;Alternative,Indie Rock,Pop,Rock,Singer & Songwriter;2007;2039;54320;10
Mr. Therapy Man - Justin Nozuka;213;0;0;Justin Nozuka;Alternative,Indie Rock,Pop,Rock,R&B,Singer & Songwriter;2007;9880;54320;10
Divine Idylle - Vanessa Paradis;159;8;0;Vanessa Paradis;Alternative,Indie Rock,Electro,Dance,Pop,Indie Pop/Folk,International Pop,Rock;2007;8134;249584;14
s Que J'Te Vois - Vanessa Paradis;204;6;0;Vanessa Paradis;Alternative,Indie Rock,Electro,Dance,Pop,Indie Pop/Folk,International Pop,Rock;2007;8134;249584;14
Talkin' Bout a Revolution - Tracy Chapman;161;820348;0;Tracy Chapman;Folk;1988;140768;408538;10
I'm Yours - Jason Mraz;242;569556;0;Jason Mraz;Pop;2008;48724;2049008;57
Soulstorm - Patrice;234;680787;0;Patrice;Pop,Reggae;2005;29229;197725;17
Welcome To Jamrock - Damian Marley;213;743376;0;Damian Marley;Reggae;2005;109161;2259386;5
Mon soleil - Princess Lover;254;531909;0;Princess Lover;Pop,Rock;2004;8263;8486;7
Miss Independent - Ne-Yo;232;785571;0;Ne-Yo;R&B;2008;46687;3117769;37
Sexy Love - Ne-Yo;220;157163;0;Ne-Yo;R&B;2008;1383;3117769;37
C'est ma terre - Christophe M;230;549092;0;Christophe M;Pop;2007;85774;557027;23
Belle Demoiselle - Christophe M;209;712339;0;Christophe M;Pop;2007;85774;557027;23
Mon p'tit gars - Christophe M;306;515513;0;Christophe M;Pop;2008;47435;557027;23
On s'attache - Christophe M;191;302121;0;Christophe M;Pop;2007;4762;557027;23
Femme Liberee - Somariba;217;248432;0;Somariba;Pop,Rock;2014;3062;8328;2
Elle A Les Yeux Revolver - Marc Lavoine;216;519964;0;Marc Lavoine;;2007;37438;179599;18
Love Is Gone (Fred Riester & Joachim Garraud Radio Edit Remix) - David Guetta;199;717539;0;David Guetta;Dance;2007;52539;16836118;175
Everytime We Touch (with Steve Angello & Sebastian Ingrosso) - David Guetta;220;323938;0;David Guetta;Dance;2007;52539;16836118;175
The World Is Mine - David Guetta;219;596522;0;David Guetta;Dance;2004;5716;16836118;175
Money (feat. Chris Willis & Mo) (Radio Edit) - David Guetta;187;415892;0;David Guetta;Dance;2004;32255;16836228;175
Calinda (Radio Dub Mix) - Laurent Wolf;203;8;0;Laurent Wolf;Electro;2004;144;119999;25
Freaky Girl - David Vendetta;356;252554;0;David Vendetta;Electro,Dance,Pop,Rock;2007;5869;58230;37
Toi Et Moi - Tryo;210;1620;0;Tryo;;2008;65;693577;24
Ce que l'on s'aime - Tryo;174;273255;0;Tryo;;2008;1188;693577;24
so pour hier soir - Tryo;220;32590;0;Tryo;Reggae,Dub;2003;178;693577;24
L'Hymne De Nos Campagnes - Tryo;205;7;0;Tryo;Pop,Reggae,Dub,Rock;2005;99;693577;24
I Remember (Live) - Lauryn Hill;226;417313;0;Lauryn Hill;Pop,R&B,Contemporary R&B,Contemporary Soul;1992;37388;210574;5
Clumsy - Fergie;240;551701;0;Fergie;Pop;2015;25233;1699547;17
Rich Girl - Gwen Stefani;236;716501;0;Gwen Stefani;Pop;2004;21162;756633;30
Hollaback Girl - Gwen Stefani;199;798592;1;Gwen Stefani;Pop;2004;21162;756633;30
Cool - Gwen Stefani;189;545780;0;Gwen Stefani;Pop;2004;21162;756633;30
Dile - Don Omar;205;782981;0;Don Omar;Pop;2005;10564;2797328;39
If I Were a Boy - Beyon;249;850579;0;Beyon;Pop;2008;17858;9557341;65
Beautiful Liar - Beyon;201;756292;0;Beyon;R&B;2007;12763;9557515;65
Single Ladies (Put a Ring on It) - Beyon;192;523032;0;Beyon;Pop;2008;25665;9557472;65
Baby Boy - Beyon featuring Sean Paul;244;8807;0;Beyon featuring Sean Paul;Pop;2003;370;700;0
Irreplaceable - Beyon;227;480506;0;Beyon;Pop;2006;20004;9557290;65
J't'emne au vent - Louise Attaque;180;904227;0;Louise Attaque;Rock;2002;251488;431941;6
a - Louise Attaque;197;771841;0;Louise Attaque;Rock;2002;251488;431941;6
Ton invitation - Louise Attaque;159;773534;0;Louise Attaque;Rock;2002;251488;431941;6
Les nuits parisiennes - Louise Attaque;151;772530;0;Louise Attaque;Rock;2002;251488;431941;6
Fatigante - Louise Attaque;171;658739;0;Louise Attaque;Rock;2002;251488;431941;6
Amours - Louise Attaque;117;625814;0;Louise Attaque;Rock;2002;251488;431941;6
Arrache-moi - Louise Attaque;120;587541;0;Louise Attaque;Rock;2002;251488;431941;6
Savoir - Louise Attaque;106;571540;0;Louise Attaque;Rock;2002;251488;431941;6
Tes yeux se moquent - Louise Attaque;189;578505;0;Louise Attaque;Rock;2002;251488;431941;6
Cracher nos souhaits - Louise Attaque;207;556122;0;Louise Attaque;Rock;2002;251488;431941;6
Tu dis rien (Album Version) - Louise Attaque;141;365580;0;Louise Attaque;Rock;2002;28824;431941;6
Qu'Est Ce Qui Nous Tente (Album Version) - Louise Attaque;167;362590;0;Louise Attaque;Rock;2002;28824;431941;6
Depuis toujours - Louise Attaque;201;471046;0;Louise Attaque;Pop,International Pop,Rock;2005;34992;431941;6
Si l'on marchait jusqu demain - Louise Attaque;226;352618;0;Louise Attaque;Pop,International Pop,Rock;2005;34992;431941;6
Faut Se Le Dire (Album Version) - Louise Attaque;152;293342;0;Louise Attaque;Rock;2002;28824;431941;6
Nos Sourires - Louise Attaque;205;339485;0;Louise Attaque;Pop,International Pop,Rock;2005;34992;431941;6
Est-ce que tu m'aimes encore ? - Louise Attaque;178;311625;0;Louise Attaque;Pop,International Pop,Rock;2005;34992;431941;6
La Liste - Rose;191;370911;0;Rose;Pop;2006;3022;45572;12
Julien - Rose;497;330552;0;Rose;Pop;2006;42923;45570;12
Oh! - Micky Green;227;782318;0;Micky Green;Pop;2008;17897;24529;4
Shoulda - Micky Green;179;291388;0;Micky Green;Pop;2008;17897;24529;4
Empty Tins - Micky Green;161;212031;0;Micky Green;Pop;2008;17897;24529;4
Ayo Technology - Milow;218;159718;0;Milow;Pop;2009;2957;105864;29
Love Sex Magic - Ciara;220;574502;0;Ciara;Rap/Hip Hop,Pop,Rock,R&B,Contemporary R&B;2009;3348;1611885;66
Femme Que J'Aime - Jean-Luc Lahaye;225;0;0;Jean-Luc Lahaye;Pop;2004;106;19137;10
Nah Support Dem - Chico;172;166072;0;Chico;Reggae;2009;289;830;101
Your Song - Elton John;240;472740;0;Elton John;Pop;2008;5641;1300278;68
Ho (Skit) - Ludacris;42;114227;0;Ludacris;R&B;2008;6435;1845821;27
Tu n'es plus  - Amel Bent;256;612515;0;Amel Bent;;2007;18177;598108;29
re prodigue - Georges Chelon;186;404384;0;Georges Chelon;Pop,Rock;2006;2795;3320;40
Marin - Bernard Lavilliers;242;444905;0;Bernard Lavilliers;Pop;2004;11726;113751;26
Allo le monde - Pauline;245;638280;0;Pauline;Pop;2007;12358;4628;7
Un rayon de soleil - Dj Team;299;422455;0;Dj Team;Electro,Dance,Pop;2008;3216;3985;71
Heureux qui comme Ulysse - Georges Brassens;139;512198;0;Georges Brassens;Pop;2001;3824;260052;22
Je viens du Sud - Chine Badi;246;612636;0;Chine Badi;Pop;2004;8948;91653;8
Je ne sais pas son nom - Chine Badi;205;379483;0;Chine Badi;Pop;2004;8948;91653;8
Retomber amoureux - Chine Badi;212;350030;0;Chine Badi;Pop;2004;8948;91653;8
Dis-moi que tu m'aimes - Chine Badi;152;374555;0;Chine Badi;Pop;2004;8948;91653;8
L - Bernard Lavilliers;248;458498;0;Bernard Lavilliers;Pop;2004;11726;113751;26
Elle chante - Bernard Lavilliers;230;365253;0;Bernard Lavilliers;Pop;2004;11726;113751;26
Les mons de minuit - Images;212;847266;0;Images;Pop,Rock;2009;11979;18776;22
Voyage, voyage - Desireless;265;298076;0;Desireless;Dance,Pop;2007;847;35387;10
Femme que j'aime - Jean-Luc Lahaye;223;764309;0;Jean-Luc Lahaye;Pop,International Pop;2003;1985;19137;10
La salsa du mon - Le Grand Orchestre du Splendid;279;556928;0;Le Grand Orchestre du Splendid;;1997;3034;2932;16
La ballade des gens heureux - rard Lenorman;198;111377;0;rard Lenorman;;2004;1515;29371;17
Les matins d'hiver - rard Lenorman;171;22423;0;rard Lenorman;;2004;1515;29371;17
Voici les cs - rard Lenorman;225;98105;0;rard Lenorman;;2004;1515;29371;17
Tired Of Being Sorry - diya;275;557488;0;diya;Pop,Rock,R&B;2008;5029;17950;31
Les Ondes - Robert Charlebois;221;107722;0;Robert Charlebois;Pop;2003;323;6921;27
La Fille Du Nord - Divers;257;201642;0;Divers;Films/Games,TV Soundtracks;2005;228;359;23
La Fille Du Nord (Album Version) - Eddy Mitchell;216;142904;0;Eddy Mitchell;Pop;1999;396;119682;31
Ouvrez la cage aux oiseaux - La Chorale d'enfants de lcole de musique de Bois d'Arcy;184;315416;0;La Chorale d'enfants de lcole de musique de Bois d'Arcy;Kids,Nursery Rhymes;2009;13261;643;0
La Complainte Du Phoque En Alaska (Remastered) - Beau Dommage;320;535454;0;Beau Dommage;Pop;2004;5592;3328;1
Allez Ola O (radio edit) - Jessy Matador;172;568563;0;Jessy Matador;Dance,Pop,International Pop;2010;4600;60326;29
Toi et moi - Guillaume Grand;226;725409;0;Guillaume Grand;R&B;2010;14812;20858;4
J'm'envolerai - Graeme Allwright;206;213095;0;Graeme Allwright;Pop;2010;2785;9601;0
jeuner en paix (Single) - Stephan Eicher;209;571687;0;Stephan Eicher;Pop;2007;13888;52002;13
Melody Tempo Harmony (Radio Mix) - Bernard Lavilliers;226;343811;0;Bernard Lavilliers;Pop;2002;5250;113751;26
Solenzara - Enrico Macias;163;267091;0;Enrico Macias;Pop;2003;3551;36823;24
Sang pour sang - Johnny Hallyday;252;703989;0;Johnny Hallyday;Pop;1999;32877;560990;105
Heads High - Mr. Vegas;211;471544;0;Mr. Vegas;Reggae;2010;10206;195331;97
Open Season - Josef Salvat;244;485488;0;Josef Salvat;Pop;2014;18155;40947;25
Les Croquants (Mono version) - Georges Brassens;143;0;0;Georges Brassens;Pop;2003;6;260059;22
I'll Smash Your Mind (Live Session Remastered) - Aloha From Hell;207;14610;0;Aloha From Hell;Rock;2009;80;5992;3
Jamais Nous - Elsa;265;167885;0;Elsa;Pop;2006;2211;23697;6
My Humps - Black Eyed Peas;326;118322;0;Black Eyed Peas;Rap/Hip Hop;2006;1333;4674634;38
Kingston Town - UB40;230;604515;0;UB40;Reggae;2003;91970;922080;57
Crank That (Soulja Boy) - Soulja Boy Tell'em;221;731316;0;Soulja Boy Tell'em;Rap/Hip Hop;2007;7091;496238;83
Hysteria - Muse;227;443117;0;Muse;Alternative;2009;7235;4053946;51
Miami - Will Smith;197;705996;0;Will Smith;Pop;2002;39467;108550;19
Fantasy - Mariah Carey;244;684256;0;Mariah Carey;Pop,R&B,Contemporary R&B;2001;81951;2230874;72
Born to Run (Live at the Walter Kerr Theatre, New York, NY - July 2018) - Bruce Springsteen;308;233679;0;Bruce Springsteen;Rock;2018;8183;756336;56
Fils de cham - ;243;24537;0;;;2006;5624;57223;28
Play Boy - Indochine;169;274743;0;Indochine;Rock;2009;1068;356052;63
Tu vas me manquer (Pilule bleue) - Mtre Gims;250;781914;0;Mtre Gims;Rap/Hip Hop;2015;475703;3482249;24
10 - Booba;277;745961;1;Booba;Rap/Hip Hop;2004;126519;4389131;32
Unappreciated Beauty - Mikolai Stroinski, Aurelia Shrenker;163;214085;0;Mikolai Stroinski, Aurelia Shrenker;Films/Games,Film Scores;2017;215;17;1
Bananza (Belly Dancer) - Akon;238;21849;0;Akon;R&B;2006;10187;3980240;48
Magnolia - Playboi Carti;181;737512;1;Playboi Carti;Rap/Hip Hop;2017;39635;101411;5
Je Veux - ZAZ;217;15473;0;ZAZ;;2010;74988;463694;25
Red Light Indicates Doors Are Secured - Arctic Monkeys;143;500459;0;Arctic Monkeys;Alternative,Indie Pop,Indie Rock,Pop,Indie Pop/Folk,Rock;2006;202589;3261008;29
Armada Latina - Cypress Hill;244;291093;1;Cypress Hill;Rap/Hip Hop;2010;16394;743309;41
Long Time - Shakira;176;301124;0;Shakira;Pop;2014;72671;8827407;38
Sunday (Original Mix) - Max Manie;326;426579;0;Max Manie;Electro,Techno/House,Dance;2013;3030;6510;10
ditation sur le plude en do majeur (Ave Maria) - Varie Duchateau;250;318485;0;Varie Duchateau;Classical;2008;6500;3355;11
The Jester - Sum 41;168;362521;0;Sum 41;Alternative;2007;29110;854918;19
Windy - The Association;167;111347;0;The Association;Pop;2009;27;2350;45
Dangerous (as made famous by Kardinal Offishall feat. Akon) - Future Pop Stars Of America;266;177999;0;Future Pop Stars Of America;Pop;2008;413;929;3
On the Other Side - Blanco White;297;567991;0;Blanco White;Folk;2019;131;2048;8
Un a sin  (Spending My Time) - Roxette;279;457816;0;Roxette;Pop;1996;12248;424832;47
Waterfalls - Alexis Ffrench;244;464993;0;Alexis Ffrench;Classical;2018;205;5933;23
Adagio (Notturno) Pour Piano, Violon Et Violoncelle En Mi mol Majeur, D.897 - Jean Philippe Collard - Augustin Dumay - Fric Loon;607;166861;0;Jean Philippe Collard - Augustin Dumay - Fric Loon;Classical;2003;160;13;0
Lonely Day - System of a Down;167;898260;0;System of a Down;Rock;2005;155875;4074801;10
Exist - Promnite;232;235948;0;Promnite;Electro;2018;2;412;13
Song Of Ocarina - Santiago;217;120905;0;Santiago;Pop;2009;123;1768;68
Baby Doll - The Fratellis;282;130555;0;The Fratellis;Rock;2008;3553;122547;21
Fighter - Christina Aguilera;245;0;0;Christina Aguilera;Pop;2004;120;2883036;48
I'm Calling You - Sly Johnson;239;296120;0;Sly Johnson;;2010;1756;11137;11
Somewhere Over The Rainbow (In The Style Of Israel Kamakawiwole) - Karaoke - Ameritz;220;171934;0;Karaoke - Ameritz;Pop;2008;16;1052;495
Together (Radio Edit) - Bob Sinclar;207;81611;0;Bob Sinclar;Dance;2007;91;1733078;40
Northern Lights - Lux;330;224586;0;Lux;Electro;2001;362;11040;109
World Go 'Round - No Doubt;248;297997;0;No Doubt;Pop;1996;24873;569784;15
Nothing in This World - Paris Hilton;189;257037;0;Paris Hilton;Pop;2006;2360;6433;21
Jeune demoiselle - Diam's;250;499039;0;Diam's;Rap/Hip Hop;2006;53869;262151;22
Isaac - Madonna;359;453052;0;Madonna;Pop;2005;79303;3565636;69
Don't Know Why - Norah Jones;186;818478;0;Norah Jones;Singer & Songwriter;2002;89492;1895772;33
Ca fait mal - Christophe M;222;351821;0;Christophe M;Alternative,Indie Rock,Pop,Indie Pop/Folk,Rock,Singer & Songwriter;2007;4837;557036;23
Radio - Lana Del Rey;214;469170;1;Lana Del Rey;Alternative;2012;202390;3269023;36
Take Me Back - Izia;202;9;0;Izia;Pop,Rock;2009;38394;127150;5
One Of Us (Original Radio Mix) - Apollo Brothers;238;0;0;Apollo Brothers;Electro,Dance,Disco;2007;0;12;3
Leave Out All The Rest - Linkin Park;209;829130;0;Linkin Park;Alternative;2007;158265;9053787;55
AM To PM - Christina Milian;231;424885;0;Christina Milian;Pop;2002;3808;23550;10
Ex-Girlfriend - No Doubt;211;399910;0;No Doubt;Pop;2000;5362;569784;15
My Oh My - Aqua;204;550597;0;Aqua;Pop;1997;14494;55126;26
Hey U - Basement Jaxx;294;162159;0;Basement Jaxx;Electro;2006;1947;72203;86
Any Story - Hindi Zahra;258;466265;0;Hindi Zahra;Alternative;2015;1620;108465;7
Block Party - Psy 4 de la Rime;222;482679;0;Psy 4 de la Rime;Rap/Hip Hop;2002;40500;387359;4
She's Just Killing Me - ZZ Top;295;351631;0;ZZ Top;Pop,Rock,Blues,Films/Games,Film Scores,Latin Music;1996;3275;773877;38
Knock You Down - Keri Hilson;326;693333;0;Keri Hilson;R&B;2009;12147;456705;8
J'me tire - Mtre Gims;250;230731;0;Mtre Gims;Rap/Hip Hop;2013;57060;3482265;24
X - Xzibit;255;303167;0;Xzibit;R&B;2000;1676;784635;16
Ayen pa mol' - Kassav';255;274942;0;Kassav';;2012;12527;146369;39
quand une fille est love - Kayliah;242;477386;0;Kayliah;Rap/Hip Hop;2005;9569;25067;11
September Gurls - Big Star;166;235769;0;Big Star;Pop;2011;1687;6745;12
Gregory's Theme (Short Radio Edit) - Basto;158;141104;0;Basto;Dance;2011;1014;49541;52
RAVEL : Boro (extrait) - Boston Symphony Orchestra;316;597228;0;Boston Symphony Orchestra;Classical;2013;100859;134331;301
Holiday - Green Day;233;709957;0;Green Day;Alternative,Rock,Indie Rock/Rock pop;2005;12771;3821261;53
I Love My Bitch - Busta Rhymes;227;406007;1;Busta Rhymes;Rap/Hip Hop;2006;18216;791657;28
One And Only - Mariah Carey;194;240560;0;Mariah Carey;Pop;2005;23509;2230883;72
Le Pouvoir Des Fleurs - Laurent Voulzy;216;695473;0;Laurent Voulzy;;2003;28313;184159;33
Boogie - Gipsy Kings;201;196575;0;Gipsy Kings;Pop;2001;1609;170155;13
Belle - Garou;294;483537;0;Garou;Pop,International Pop;2005;7857;243944;23
Man in the Mirror (2003 Edit) - Michael Jackson;303;492171;0;Michael Jackson;Pop;2003;111571;8998361;35
Dynamite - Taio Cruz;203;120354;0;Taio Cruz;Pop;2010;22145;2240777;29
Twinkle Twinkle Little Star (Musique de la publici Nissan Juke / Music from the Nissan Juke Commercial Spot) - Fredrika Stahl;197;313697;0;Fredrika Stahl;;2010;12450;15817;9
Numb / Encore - Jay-Z;205;877216;1;Jay-Z;Rap/Hip Hop,Rock;2004;80109;2826742;21
Ayo - Chris Brown;225;813267;1;Chris Brown;Rap/Hip Hop;2015;160854;7202981;92
Hoo Doo - Noir sir;46;22384;0;Noir sir;Rock;1991;16851;669332;4
Lose Myself (Album Version) - Lauryn Hill;275;254674;0;Lauryn Hill;Classical,Pop;2007;2869;210583;5
Swanee River Rock (Talkin' 'Bout That River) - Ray Charles;137;104685;0;Ray Charles;R&B;1994;11245;2304344;7
Stars - The xx;263;504424;0;The xx;Alternative;2009;202259;966630;25
Elle aime les DJ's (Radio Edit) - Party Crew;190;218566;0;Party Crew;Electro,Techno/House,Dance;2010;602;212;2
Repenses-Y Si Tu Veux (Single Version) - David Hallyday;203;298906;0;David Hallyday;Pop;2003;2365;62016;3
Jenn je t'aime - Superbus;196;387516;0;Superbus;Pop;2007;26379;169271;14
Rabbit In Your Headlights - UNKLE;377;452475;0;UNKLE;Pop;1999;8344;59176;43
La Chanson De Lara - Starlight Symphony Orchestra;164;0;0;Starlight Symphony Orchestra;Pop;2006;157;2;1
Trop Sensible - ZAZ;240;10214;0;ZAZ;;2010;74988;463697;25
High And Dry - Jamie Cullum;334;276793;0;Jamie Cullum;Jazz;2004;9362;194442;23
In My Arms (feat. Norma Jean Martine) - The Him;195;300919;0;The Him;Dance;2019;12;21296;31
We Are The World - Sound-A-Like As Made Famous By: U.S.A For Africa - Studio Group;339;252397;0;Studio Group;Pop;2006;436;1301;83
Underwater - MIKA;191;678378;0;MIKA;Pop;2012;62669;759188;45
Jungle Boogie - Kool & The Gang;185;38886;0;Kool & The Gang;Pop;2002;24756;453159;32
Rock the Casbah (Remastered) - The Clash;222;850493;0;The Clash;Alternative,Indie Rock,Pop,International Pop,Rock;2013;27220;1060915;10
Santiano - Santiano;130;124565;0;Santiano;Folk;2007;142;57188;21
Hiver Normand - Fulgeance;354;21511;0;Fulgeance;Dance,Disco;2011;315;2229;24
La Music - Pierpoljak;291;261054;0;Pierpoljak;Reggae;2000;8511;66785;7
It Might as Well Be Spring - Brad Mehldau;465;164469;0;Brad Mehldau;Jazz;1995;923;45196;40
ration (Single Version) - Myne Farmer;324;399828;0;Myne Farmer;Dance,Pop,Rock;2008;20426;444520;63
Aime-moi - Claude Barzotti;250;26628;0;Claude Barzotti;Pop,Rock;1999;4109;35883;27
Mac cif - Dub Inc;347;712501;0;Dub Inc;Reggae,Dub;2016;38688;469134;18
Lie, live (De "La Reine des Neiges"/Bande Originale Fraaise) - Anais Delva;224;864158;0;Anais Delva;Films/Games,Film Scores;2014;170583;141076;9
International Love - Pitbull;229;380850;0;Pitbull;Pop;2011;4787;6281223;101
House On The Hill - Emma Pollock;233;108481;0;Emma Pollock;Alternative;2010;343;627;9
Senza Mama/Ciuri-Ciuri/Napule Ve Salute - Carmine Coppola;154;135227;0;Carmine Coppola;Films/Games,Film Scores;2007;1177;742;2
Johnny Boy - Twenty One Pilots;279;533701;0;Twenty One Pilots;Pop,Rock;2009;93578;3401902;22
Hindi Folk Song - Chill Lounge Players;169;21542;0;Chill Lounge Players;Pop;2009;245;134;45
Feelin' The Same Way - Norah Jones;177;606709;0;Norah Jones;Singer & Songwriter;2002;89486;1895634;33
Dance Monkey - Tones and I;209;989295;0;Tones and I;Alternative;2019;39931;224593;7
Such a Shame - Talk Talk;266;704701;0;Talk Talk;Rock;1997;16025;63561;11
Rich Girl (Remastered) - Daryl Hall & John Oates;145;560191;0;Daryl Hall & John Oates;Pop;2006;541;107548;63
In da City - Culcha Candela;222;222613;0;Culcha Candela;Pop,Reggae,Dancehall/Ragga,R&B;2009;2608;200967;27
God Fearing Man - Ben Harper;709;337961;0;Ben Harper;Rock;1995;13545;471135;34
Black Hole - Lindsay Lohan;242;330660;0;Lindsay Lohan;Pop;2005;4903;27585;8
One Scotch, One Bourbon, One Beer - Alexis Korner;180;89501;0;Alexis Korner;Pop,Rock,Blues;2006;59;1288;49
Institutionalized - Kendrick Lamar;271;502401;1;Kendrick Lamar;Rap/Hip Hop;2015;157470;4235981;23
All That I Got (The Make Up Song) - Fergie;245;282086;0;Fergie;Pop;2015;25233;1699564;16
Helen - Oliver Malcolm;157;424881;0;Oliver Malcolm;Alternative;2020;2;29;2
Can't Get Enough (Edit) - Infadels;197;143055;0;Infadels;Alternative,Indie Rock,Electro,Dance,Pop,Rock;2006;27;1912;12
Tribute - Tenacious D;248;504324;1;Tenacious D;Pop;2001;25006;363364;13
Are You Gonna Be My Girl - Jet;213;857425;0;Jet;Alternative,Rock,Indie Rock/Rock pop;2003;23567;92112;24
The Shoop Shoop Song (It's In His Kiss) - Cher;171;551072;0;Cher;Pop;1992;14910;247171;50
Lucie - Daniel Balavoine;325;578095;0;Daniel Balavoine;Pop;2008;76759;684255;10
L'italiano (In the Style of Toto Cutugno) [Karaoke Version] - Ameritz Countdown Karaoke;217;27119;0;Ameritz Countdown Karaoke;Pop;2013;1;416;500
Ring Ring Ring - De La Soul;247;601428;0;De La Soul;Rap/Hip Hop;1999;281;130721;16
Buddha in the Lounge (Bar Cafe Night Mix) - Moonflower;326;74404;0;Moonflower;Electro,Chill Out/Trip-Hop/Lounge,Dance;2009;1455;665;17
galisez la ganja - Raggasonic;217;483432;0;Raggasonic;Reggae;2003;42769;77721;6
When I'm Gone - Body Count;275;516039;1;Body Count;Rock,Hard Rock,Metal;2020;2847;26314;14
Crache ton venin (Live) - Jean-Louis Aubert;308;211561;0;Jean-Louis Aubert;Pop;2010;3752;284614;31
Wolfgang Amadeus Mozart: Ave Verum, Motette Corpus KV 618 d-dur - nnerchor Aichschiess;211;134797;0;nnerchor Aichschiess;Classical;2008;180;9;1
Walking with Elephants - Ten Walls;325;473391;0;Ten Walls;Dance;2014;8495;19288;11
Good Riddance (Time of Your Life) - Green Day;153;800747;1;Green Day;Alternative;1997;40879;3821278;53
My Beloved Monster - Eels;132;407968;0;Eels;Rock;1996;26280;74131;35
De Gauche A Droite - Guy Denys;174;99040;0;Guy Denys;Pop;2008;278;321;16
Da Funk - Daft Punk;328;758352;0;Daft Punk;Dance;1997;116409;3771626;31
Tipsy Pixies - Buddy Weed Septet;114;6;0;Buddy Weed Septet;Jazz;2009;1;12;1
Schumann: Arabeske in C Major, Op. 18 - Catherine Collard;372;311055;0;Catherine Collard;Classical;1994;133;61;4
More - Usher;229;0;0;Usher;;2010;4774;5983417;40
Marie Ou Marylin (Album Version) - Saez;229;486192;0;Saez;Rock;2004;39519;326410;27
Come Monday Night - God Help The Girl;157;106847;0;God Help The Girl;Films/Games,Film Scores,Soundtracks;2014;1205;2780;8
La java de Broadway - Michel Sardou;249;57510;0;Michel Sardou;Pop;2008;4285;273799;14
Scherzinho Mexicano (Manuel Maria Ponce) - Pedro Ibanez;148;70189;0;Pedro Ibanez;Classical;2007;1865;671;15
Cabecita loca - Amaral;297;152896;0;Amaral;Pop;2003;1336;34216;34
Ma nde Esn Mis Juguetes - Los Nos Cantores de Prado;188;18130;0;Los Nos Cantores de Prado;;1999;2789;531;13
This Is What You Came For - Calvin Harris;222;894404;0;Calvin Harris;Dance;2016;134280;10838357;84
Feel The Wave (Radio Edit) - Didier Sinclair;213;297315;0;Didier Sinclair;Electro,Dance;2007;224;2662;15
Elle a - Keen' V;186;377087;0;Keen' V;Pop;2017;25238;787592;14
Sonotone - MC Solaar;229;648848;0;MC Solaar;Pop;2017;75756;112716;26
Over the Hill - Agnes Obel;168;384384;0;Agnes Obel;Alternative;2011;55004;176590;27
Dangerous (Clean Version) - Kardinal Offishall;233;423490;0;Kardinal Offishall;Rap/Hip Hop;2008;1520;12192;13
Hymn for the Weekend - Coldplay;258;935089;0;Coldplay;Alternative;2015;452222;13521055;70
Misunderstood Love - Rococo;198;18657;0;Rococo;Pop,International Pop,Rock;2010;175;3429;11
Le Lac des Cygnes, Op. 20, Act IV: "Sne Finale" - L'Orchestre National du Bolch;269;333843;0;L'Orchestre National du Bolch;Classical;2012;11295;3134;26
Get It On Tonite - Montell Jordan;276;678550;0;Montell Jordan;R&B;2008;4880;20894;20
Halo - Beyon;262;938672;0;Beyon;Pop,R&B,Contemporary R&B;2008;87147;9557404;65
Jrefaiscequejevois - Columbine;249;552984;1;Columbine;Rap/Hip Hop;2018;114688;175442;14
We're All In This Together - Gabby Young and Other Animals;335;78014;0;Gabby Young and Other Animals;Rock,Folk;2010;637;1965;6
Right Here (Departed) - Brandy;217;71153;0;Brandy;R&B;2009;560;379192;19
Arabian Lounge - Abdul Al Kahabir;207;38531;0;Abdul Al Kahabir;;2008;307;249;5
The Scientist - Coldplay;311;929779;0;Coldplay;Rock;2002;281995;13521057;70
Hoping - The YD;215;260882;0;The YD;Alternative;2018;49;386;5
Mas Que Nada - Sergio Mendes;262;635447;0;Sergio Mendes;Pop;2007;7407;20079;157
La lensoise (Medley) - Les leaders;598;202441;0;Les leaders;;2009;801;2752;8
Angela - San Supa Crew;226;783358;0;San Supa Crew;Rap/Hip Hop;1999;39465;50609;11
Le Bien qui fait mal (new mix radio) - Mozart Opera Rock;172;177101;0;Mozart Opera Rock;Pop,Films/Games,Musicals;2009;675;34694;3
Everybody Have Fun Tonight - Wang Chung;278;380843;0;Wang Chung;Films/Games,Film Scores;2011;1039;4159;9
E te toa - Toa Ura;132;31338;0;Toa Ura;;2014;186;180;1
Noche De Sexo - Wisin & Yandel;207;171799;0;Wisin & Yandel;;2007;357;2306784;27
A la che - Flying Pop's;356;210517;0;Flying Pop's;Electro;2005;15126;212;4
The Rest of My Life - Ashley Tisdale;182;218969;0;Ashley Tisdale;Pop;2011;914;96267;33
Attitude De Rockstar - Mac Tyer;249;109673;0;Mac Tyer;Rap/Hip Hop;2010;5916;340428;20
Monkey Me - Myne Farmer;253;462472;0;Myne Farmer;Pop;2012;52149;444522;63
Toi + Moi - Var Fraaise;178;159220;0;Var Fraaise;Pop;2010;11444;10064;92
Lonely Boy - The Black Keys;193;505135;0;The Black Keys;Alternative,Rock,Indie Rock/Rock pop;2011;14573;776314;27
Le manoir - Indochine;304;391976;0;Indochine;Rock;2002;45393;356134;63
El Amor, El Amor - Zumba Fitness;264;457677;0;Zumba Fitness;;2012;3948;15991;11
Back To December - Taylor Swift;293;560618;0;Taylor Swift;Pop;2010;109485;7649627;26
La Caravane - Caravan Palace;305;417845;0;Caravan Palace;Electro,Jazz,Pop;2008;85859;204169;14
Born to Be Alive - Patrick Hernandez;188;775137;0;Patrick Hernandez;Dance,Pop;1979;7344;14990;5
AMERIKA - Rammstein;226;737256;0;Rammstein;Metal;2010;27435;1429004;16
Need You Now - Lady Antebellum;236;801293;0;Lady Antebellum;;2010;29603;555333;26
Open Eye Signal - Jon Hopkins;468;495326;0;Jon Hopkins;Electro;2013;17475;69032;38
Domingo - Gotan Project;253;241631;0;Gotan Project;Electro,Dance,Pop,International Pop;2008;6909;82586;14
Finale - Tony O'Connor;146;35524;0;Tony O'Connor;Pop;2006;51;332;13
Les Chemins De Traverse Karao Playback Instrumental Rendu bre Par Francis Cabrel - Karao Playback Fraais;180;52712;0;Karao Playback Fraais;Pop;2011;5028;10890;471
S.O.S - Indila;272;768382;0;Indila;Pop;2014;253305;1250237;3
Video Game Legends, Vol. 2 - JT Music;307;101927;0;JT Music;Rap/Hip Hop;2015;158;4969;125
A 2000 - Soprano;178;516741;1;Soprano;Pop;2018;127712;1771565;16
Exalto A Tiradentes - Roberto Silva;164;20324;0;Roberto Silva;Brazilian Music;2006;234;282;22
William - Patrick Wolf;50;87809;0;Patrick Wolf;Alternative;2011;1050;14246;16
From Yesterday - Thirty Seconds to Mars;247;483811;0;Thirty Seconds to Mars;Rock;2005;27650;1365292;20
Cold Shoulder - Adele;192;387969;0;Adele;Pop;2008;247246;10657102;15
Lordly (feat. Alex Aiono) - Feder;196;702689;0;Feder;Dance;2016;11471;86110;13
I Like To Move It - Generation 90;228;432735;0;Generation 90;Pop;2008;3103;9388;71
Like a bike without brakes - Cobson;237;140789;0;Cobson;Rock;2007;122;308;4
AVF (Live From Stade de France, France / 2013) - Stromae;316;22134;0;Stromae;Rap/Hip Hop;2013;8;2382207;11
Like a Prayer - Mad'House;264;461101;0;Mad'House;Electro,Dance,Jazz,Instrumental jazz,Pop,Rock,Films/Games;2009;1568;1382;7
Quatre danseries: La Lurette - Jean-Philippe Goude;166;114619;0;Jean-Philippe Goude;Classical;2010;578;985;7
Alavan - Karol Conka;190;561247;0;Karol Conka;Rap/Hip Hop;2019;1228;196867;14
Have Faith - Family Factory;246;23143;0;Family Factory;;2012;386;10;0
Enae Volare - Era;215;336205;0;Era;Pop;2010;27885;80025;9
Out Of My Head - Black Eyed Peas;231;396478;0;Black Eyed Peas;Pop;2009;164974;4674653;38
Girls Just Wanna Have Fun - Sound-A-Like - Studio Group;211;288806;0;Studio Group;Pop;2006;5221;1301;83
Run (I'm a Natural Disaster) - Gnarls Barkley;160;416178;0;Gnarls Barkley;Pop;2008;16027;101218;11
Hadrian's Wall - Syd Matters;513;145182;0;Syd Matters;Alternative,Pop,Indie Pop/Folk,Rock,Indie Rock/Rock pop;2010;11583;27954;8
Pay TV (Radio Edit) - Laurent Garnier;229;92178;0;Laurent Garnier;Electro;2009;325;74562;34
Plus Ps Destoiles - Gold;431;283057;0;Gold;Pop,International Pop,Rock;2017;790;9743;26
Chanson pour les enfants l'hiver - Les Fres Jacques;80;95435;0;Les Fres Jacques;Pop;2002;462;3519;4
Mignon Mignon (Remix) - Re La Taupe;143;303361;0;Re La Taupe;Pop;2010;851;51423;0
Boys Don't Cry - The Cure;161;18422;0;The Cure;Alternative,Indie Pop,Indie Rock,Pop,Indie Pop/Folk,Rock,Hard Rock;2008;3948;1423264;37
Ay, Ay, Ay Amor (Album Version) - Gloria Estefan;214;102713;0;Gloria Estefan;Latin Music;2004;5657;207169;60
La route est longue - s Copperfield;173;676785;1;s Copperfield;Rap/Hip Hop;2020;889;14813;6
On a trop decon (Texte cla de Pierre Henri) - La Rue tanou;147;270409;0;La Rue tanou;Pop;2011;37560;269462;7
Comme Un Grand - 1995;341;459122;0;1995;Rap/Hip Hop;2012;49613;393867;2
Prologue (Carl Cox & Paul Van Dyk Mix) - Tenth Chapter;169;31602;0;Tenth Chapter;Electro,Dance,Trance;2008;160;1;2
Don't Damn Me - Guns N' Roses;318;478320;0;Guns N' Roses;Rock;1991;133681;5848917;21
Bang Bang (My Baby Shot Me Down) - Nancy Sinatra;162;636721;0;Nancy Sinatra;Pop;1966;5321;47171;35
Mistake - Moby;225;384214;0;Moby;Electro;2009;11506;692055;74
Wordplay - Jason Mraz;186;234029;0;Jason Mraz;Pop;2005;18020;2049027;57
Funky Fanfare - Keith Mansfield;148;323670;0;Keith Mansfield;Jazz;2006;111;389;64
Somebody Told Me - The Killers;197;862348;0;The Killers;Rock;2009;22974;1502329;29
Wonderwall (In The Style Of Oasis) - Karaoke - Ameritz;258;10263;0;Karaoke - Ameritz;Rock;2007;13;1052;495
Klr - San Supa Crew;272;301595;0;San Supa Crew;Rap/Hip Hop;1999;39465;50609;11
La Tortura - Salvador;212;28016;0;Salvador;Pop;2009;62;7227;42
Je ne tiendrai pas - De Palmas;200;172761;0;De Palmas;Pop;2004;6047;88698;10
La Vie Est Dure - Ans;287;262414;0;Ans;Pop;2008;24102;29234;5
I Will Find You (Afterlife Mix) - Clannad;220;109386;0;Clannad;Pop;1993;574;13252;37
Demain j'arte - 113;258;482740;0;113;Rap/Hip Hop;2010;33284;334266;13
Telephone - Lady Gaga;220;829589;0;Lady Gaga;Pop;2009;176412;5512715;44
Child in Time - Deep Purple;619;692254;0;Deep Purple;Rock;1990;29451;1052281;76
Egyptian Disco (Banz Republic Remix) - DJ Disse;362;298825;0;DJ Disse;Electro;2012;6885;390;3
La tribu de Dana - Manau;287;765669;0;Manau;Rap/Hip Hop;2007;23160;40655;4
Booska Brulux - Brulux;183;589468;1;Brulux;Rap/Hip Hop;2018;12581;20294;18
Happy Xmas - Christmas Orchestra;138;18189;0;Christmas Orchestra;Kids;2009;16;9;3
L'Autre Amour - Sylvie Vartan;216;56441;0;Sylvie Vartan;Pop;1998;277;52273;34
Jackie Big Tits - The Kooks;152;225551;0;The Kooks;Rock;2006;27688;664380;29
Sexy Sadie (2018 Mix) - The Beatles;195;444368;0;The Beatles;Pop;2018;21385;5443382;33
Hush (feat. Anna Naklab) (Bebetta Remix) - Younotus;398;22062;1;Younotus;Electro,Techno/House,Dance;2015;25;5832;43
You Ain't Right - Syleena Johnson;282;92502;0;Syleena Johnson;Rap/Hip Hop,Pop,R&B,Contemporary R&B;2001;537;5972;24
Nathalie (Mon amour des JMJ) - Oldelaf Et Monsieur D;194;438846;0;Oldelaf Et Monsieur D;Alternative,Indie Rock,Pop,Indie Pop/Folk,Rock,Comedy;2009;10779;19430;5
Another Love - Tribute to Tom Odell - Another Love;247;294965;0;Another Love;Alternative;2013;1742;2214;1
L'emploi du Moi - La Fiane;229;101291;0;La Fiane;Pop,International Pop;2009;816;2283;1
Rentrer En Bretagne - Nolwenn Leroy;273;397440;0;Nolwenn Leroy;Pop;2010;72234;222817;14
2 Minutes to Midnight (Live at Long Beach Arena, 1998 Remaster) - Iron Maiden;363;359949;0;Iron Maiden;Rock,Metal;1998;37200;2376766;31
Master Of Puppets - Metallica;534;500442;1;Metallica;Pop;1999;57120;5622954;31
Try - P!nk;247;807220;0;P!nk;Pop,International Pop,Rock;2012;248019;3188320;61
Get Lucky (Radio Edit) - Daft Punk;248;917249;0;Daft Punk;Dance,Pop,International Pop,Rock;2013;152471;3771637;31
Matador - Mickey 3D;186;683815;0;Mickey 3D;Pop;2005;18054;58948;19
Boneless - Steve Aoki;270;630771;0;Steve Aoki;Dance;2013;11741;1785733;147
Gabriel - Lamb;260;443664;0;Lamb;Pop;2001;6259;32236;14
Toro Mata - Celia Cruz;339;39752;0;Celia Cruz;Latin Music;2019;217;180093;74
Forest - System of a Down;240;586687;0;System of a Down;Rock,Hard Rock,Metal;2001;63282;4074856;10
Cocody Rock - Alpha Blondy;294;330782;0;Alpha Blondy;Reggae;2010;9177;447744;24
Arcades - C2C;264;6;0;C2C;Electro;2012;12413;460110;1
Thuggish Ruggish Bone - Sound-A-Like As Made Famous By: Bone Thugs N Harmony - Studio Group;271;92389;0;Studio Group;Pop;2006;13;1301;83
Tourne - Shy'm;202;91416;0;Shy'm;Pop;2010;29943;907170;33
I Know You Want Me (Calle Ocho) - Pitbull;222;25533;0;Pitbull;Dance;2012;1731;6281267;101
Speaking Machines - WE ARE MATCH;254;248867;0;WE ARE MATCH;Alternative;2015;362;8702;8
Mountains - Biffy Clyro;203;165047;0;Biffy Clyro;Alternative;2008;598;187959;56
Set Your Arms Down - Warpaint;305;144293;0;Warpaint;Alternative;2010;4427;56100;17
La Jument De Michao - Tri Yann;222;591722;0;Tri Yann;;2008;4489;34526;29
The Edge Of Glory (Piano Version) - Piano Gaga;322;7820;0;Piano Gaga;Pop;2011;210;328;95
Papaoutai - Stromae;231;25021;0;Stromae;Pop;2013;10;2382215;11
Flashback - Kelis;205;169280;1;Kelis;R&B;2003;8822;79138;30
Rideau de fer - Soviet Suprem;194;175372;0;Soviet Suprem;;2014;5140;22072;11
Girls Like You - Maroon 5;235;982344;1;Maroon 5;Pop;2018;157255;8711537;56
Juicy Fruit - Mtume;354;111118;0;Mtume;Pop;2016;571;5393;6
Sexual Healing - Marvin Gaye;239;839782;0;Marvin Gaye;Pop;2007;21678;1200947;70
Beautiful Soul - Jesse McCartney;215;477020;0;Jesse McCartney;Rock;2006;5093;43590;23
Trampoline - Shaed;184;972519;0;Shaed;Pop;2019;6220;15017;13
Happy New Year - ABBA;264;117539;0;ABBA;Pop;2005;2930;1659602;19
Frost Raven - The Well - Goa Psy Trance Masters;557;112502;0;Goa Psy Trance Masters;Dance;2011;1653;3036;10
My Music - Dem Franchize Boyz;225;111003;1;Dem Franchize Boyz;Pop;2006;1710;8494;12
P Che Puoi - Eros Ramazzotti;251;227174;0;Eros Ramazzotti;Pop;2000;3792;537651;56
Sound of Silence - Allison;236;412218;0;Allison;Films/Games,Film Scores,Soundtracks;2015;727;24166;28
Moving Forward (Designer Dr*gs Remix) - Protokoll;317;9;0;Protokoll;Electro;2008;172;124;4
The Only Exception - Paramore;267;719539;0;Paramore;Alternative;2009;74786;2447657;20
Easy Listening Piano Music - Erik Satie;160;202615;0;Erik Satie;;2011;10908;71011;29
C' la tuff - Tout Simplement Noir;276;136999;0;Tout Simplement Noir;Rap/Hip Hop;1995;2887;1292;3
Le meilleur du monde - TLF, Corneille;234;304435;0;TLF, Corneille;Rap/Hip Hop;2011;3554;498;0
Je suis une bande de jeunes - Renaud;180;551952;0;Renaud;Pop;2016;34182;804620;30
Long Time Gone - Billie Joe Armstrong;208;505947;0;Billie Joe Armstrong;Alternative;2013;1237;53098;2
Crazy Love (with Van Morrison) - Ray Charles;229;360615;0;Ray Charles;Jazz;2004;8814;2304362;7
RIP Roach - XXXTentacion;169;569845;1;XXXTentacion;Rap/Hip Hop;2017;60359;1374322;24
Les petits yogis - Petits Yogis Musique Masters;220;160158;0;Petits Yogis Musique Masters;Pop;2016;505;40;4
Sciences sans conscience - Alpha Blondy;247;380148;0;Alpha Blondy;Reggae;2010;19808;447748;24
Ameddyaz (La Mort Du Pte) - Idir;276;199745;0;Idir;Pop;2000;2908;95913;12
Wie die Welt sich dreht - Wucan;599;103388;0;Wucan;Alternative,Rock;2017;160;553;8
Sevilla Tiene Un Color Especial - Patio De Los Reyes;128;22947;0;Patio De Los Reyes;;2008;6;22;4
1Stp Klosr (The Humble Brothers Reanimation) [feat. Jonathan Davis] - Linkin Park;346;89009;0;Linkin Park;Alternative;2002;8317;9053882;55
Toure - Hocus Pocus;197;311217;0;Hocus Pocus;Rap/Hip Hop;2007;34565;147078;3
Eminem - Love the Way You Lie feat. Rihanna (Karaoke) - Cover Guru;262;182430;0;Cover Guru;Rap/Hip Hop;2010;5558;548;465
P.I.M.P. (Snoop Dogg Remix) - 50 Cent;288;557845;1;50 Cent;Rap/Hip Hop;2003;196190;5778143;48
L'homme pres - Noir sir;225;148487;0;Noir sir;Rock;1996;62607;669339;4
Where Is My Mind? - Pixies;231;905710;0;Pixies;Alternative;1997;41511;682692;35
Everything Will Be Alright Tomorrow (Live At Alexandra Palace) - Faithless;342;199098;0;Faithless;Pop;2005;3507;562773;31
Welcome To St. Tropez (DJ Antoine vs Mad Mark Remix) - DJ Antoine;374;392437;0;DJ Antoine;Dance;2011;3739;755913;57
Come Rain or Come Shine - Ray Charles;219;365448;0;Ray Charles;Pop;2015;400;2304363;7
Dans un autre monde - AURORA;195;901656;0;AURORA;Films/Games,Film Scores;2019;34360;108479;22
Lighters (In the style of Bad Meets Evil feat. Bruno Mars) - 2010s Karaoke Band;297;26440;0;2010s Karaoke Band;Dance,Pop;2011;169;682;484
Cose Della Vita (with Tina Turner) - Eros Ramazzotti;297;287181;0;Eros Ramazzotti;Rock;2004;816;537655;56
Blanche - Alma Forrer;160;187845;0;Alma Forrer;;2015;656;1425;6
Les Orgues de barbarie -dith Piaf;162;169515;0;dith Piaf;Pop;2003;6989;311652;15
Hotdog - Simian Mobile Disco;428;279216;0;Simian Mobile Disco;Pop;2008;1343;42016;53
Be With Me - Marta Sanches;249;374903;0;Marta Sanches;Electro,Dance;2019;11054;6789;1
Matebkiche (Live Au Ttre La Coupole) - Souad Massi;256;191065;0;Souad Massi;Pop,International Pop,Rock;2007;3014;27252;9
Danse de la joie (Rabbi Jacob Theme) - Cine Folies;149;226488;0;Cine Folies;Pop;2010;1644;107;0
Dirty Talk - Wynter Gordon;197;447834;0;Wynter Gordon;Dance;2010;3106;9244;15
Valse - Evgeny Grinko;205;388564;0;Evgeny Grinko;Alternative;2015;771;4146;7
A Sky Full of Stars - Coldplay;268;901545;0;Coldplay;Alternative,Rock;2014;97822;13521195;70
Jacques a dit - Christophe Willem;227;568182;0;Christophe Willem;;2007;24124;172825;20
Crushed - KALLY'S Mashup Cast;232;554447;0;KALLY'S Mashup Cast;Pop,International Pop,Rock;2018;17739;13240;14
Supermassive Black Hole - Muse;212;758613;0;Muse;Alternative;2006;199949;4053976;51
Carotte - Pain d'Epices;329;57044;0;Pain d'Epices;;2008;368;153;1
Shape Of My Heart - Sting;279;832905;0;Sting;Pop;2018;1784;1137140;69
Lil Bebe - DaniLeigh;174;617521;0;DaniLeigh;Rap/Hip Hop;2018;5429;23399;13
Colossal Youth - Young Marble Giants;114;138449;0;Young Marble Giants;Alternative;2007;2882;2355;2
Frozen (Edit) - Madonna;308;267663;0;Madonna;Pop;2001;7294;3565698;69
Hardstyle Drops - Basshunter;331;139679;0;Basshunter;Dance;2008;2625;310950;12
Barbra Streisand (Afrojack Ducky Mix) - Duck Sauce;308;140428;0;Duck Sauce;Dance;2010;6002;323069;2
Bombs! - The Helmholtz Resonators;177;0;0;The Helmholtz Resonators;Alternative;2010;32;37;15
We Belong Together - Mariah Carey;201;789215;0;Mariah Carey;Pop;2005;23512;2230931;73
Papa Don't Preach - Madonna;269;247116;0;Madonna;Pop;2009;19538;3565699;69
Six millions ways to fly - The Homestretch;216;177558;0;The Homestretch;Rap/Hip Hop,Pop,Rock;2004;351;198;1
At Last - Etta James;280;186693;0;Etta James;Rock,Blues;1999;220;906381;48
You're Beautiful - James Blunt;209;804351;1;James Blunt;Pop;2005;41169;1149159;28
El amor desps del amor - Fito ez;311;553012;0;Fito ez;Rock;1992;8666;200005;42
And I Love Her (Duet with Carla Bruni) (Duet with Carla Bruni - Alternate Mix) - Harry Connick Jr.;214;170885;0;Harry Connick Jr.;Pop;2009;2457;21441;41
Highway to Hell - The Rock Masters;216;448602;0;The Rock Masters;Rock;2013;113818;42506;144
I Want To Break Free - Queen;258;959714;0;Queen;Rock;2011;200933;7654176;57
She's No You - Jesse McCartney;215;265909;0;Jesse McCartney;Rock;2006;5093;43591;23
When It Comes (Revised) - Tyler Hilton;224;155319;0;Tyler Hilton;Pop;2004;2198;15255;22
MIDDLE CHILD - J. Cole;213;812273;1;J. Cole;Rap/Hip Hop;2019;19476;1720870;20
Oh Well - Todd Wolfe;323;37910;0;Todd Wolfe;Pop,Rock,Blues,Hard Rock;2009;90;129;3
Uptown Funk - Mark Ronson;269;970568;0;Mark Ronson;Pop;2015;62362;627963;46
Jealous Guy - Roxy Music;297;603765;0;Roxy Music;Rock;2001;20049;75128;46
Give Life Back to Music - Daft Punk;275;675418;0;Daft Punk;Pop;2013;746663;3771649;31
Cultura latina - Los Latinos;256;49341;1;Los Latinos;;2006;123;208;11
Caminheiro Das Noites De Estrelas - Jo Cid;223;28390;0;Jo Cid;Pop,International Pop,Rock;2009;103;8542;21
Con Te Parti - Andrea Bocelli;250;637567;0;Andrea Bocelli;Pop;2007;4777;920667;56
Runaways - The Killers;243;601920;0;The Killers;Alternative;2012;27039;1502357;29
My Boo (Main) - Usher & Alicia Keys;223;5;0;Usher & Alicia Keys;Pop;2005;295;3750;0
Meet Her At The Love Parade originally by Da Hool - Studio Group;212;266441;0;Studio Group;Pop;2006;132;1301;83
Got What You Need - Eve;232;615099;1;Eve;Rock;2001;10772;96202;10
T'es beau - Pauline Croze;163;650431;0;Pauline Croze;;2005;376;30463;8
Si Tu Me Amas - Il Divo;248;0;0;Il Divo;Pop;2006;516;196759;32
Dumbo - Vianney;212;782823;0;Vianney;Pop;2019;16320;812479;7
I Want It All / We Will Rock You (Sucker Punch: Original Motion Picture Soundtrack) - Queen;307;349682;0;Queen;Films/Games,Film Scores;2011;34039;7654208;57
Plug in Baby - Muse;218;700701;0;Muse;Alternative;2001;130722;4053985;51
So Soon - Winter Family;264;140086;0;Winter Family;Classical,Pop;2007;459;712;3
so - Sexion d'Assaut;204;875428;0;Sexion d'Assaut;Rap/Hip Hop;2010;237077;2092658;12
David - The Radio Dept.;211;173607;0;The Radio Dept.;Pop;2010;983;13344;33
Stone Eire - Gwendal;186;140408;0;Gwendal;;2005;1281;2447;12
Chakra - Fakear;248;675552;0;Fakear;Electro;2018;14737;147891;29
brouillard partie 2 - Dany Dan;287;417284;0;Dany Dan;Rap/Hip Hop;2010;2546;9189;11
Slave To The Music - Twenty 4 Seven;244;456710;0;Twenty 4 Seven;Dance;2010;1160;3562;23
Eyes of Silver (2006 Remaster) - The Doobie Brothers;178;226835;0;The Doobie Brothers;Rock;2007;9735;61414;25
Habits (Stay High) - STEREO DUB;224;299908;0;STEREO DUB;Reggae;2017;3104;543;10
Emilie - Madame Kay;221;207294;0;Madame Kay;Alternative,Indie Rock,Pop,Rock;2006;4002;3800;2
Janie's Got A Gun - Aerosmith;329;572033;0;Aerosmith;Pop;2007;34419;3728213;31
Shut Up - Black Eyed Peas;296;670918;0;Black Eyed Peas;Pop;2003;33265;4674673;38
I Only Wanna Be With You - Samantha Fox;163;332083;0;Samantha Fox;Pop;2004;4490;11831;16
L'Oriental (Remixed By Grand Popo Football Club) - Enrico Macias;296;30141;0;Enrico Macias;;2004;226;36823;24
Monster (Transformers Soundtrack Version) - Paramore;200;121518;0;Paramore;Rock;2011;3629;2447667;20
Mardy Bum - Arctic Monkeys;175;737950;0;Arctic Monkeys;Alternative,Indie Pop,Indie Rock,Pop,Indie Pop/Folk,Rock;2006;202594;3261106;29
Ton Solitaire - Art Mengo;180;128402;0;Art Mengo;Pop;2003;2110;8333;11
Strobo Pop - The True Star;201;117245;0;The True Star;Electro,Dance;2011;290;935;264
Jesus of Suburbia - Green Day;548;656654;1;Green Day;Alternative;2004;152641;3821341;53
la folie - MIKL;263;549339;0;MIKL;;2016;2731;7430;19
Harlem Shake - Baauer;196;624271;0;Baauer;Electro;2013;19144;7689;29
Eh Eh (Piano Version) - Piano Superstar;173;42356;0;Piano Superstar;Dance,Pop;2012;104;89;18
Space Oddity (2019 Mix, Single Edit) - David Bowie;282;716695;0;David Bowie;Pop;2019;1146;1247050;133
Us - Emilie Nicolas;187;38361;0;Emilie Nicolas;Pop;2014;174;2527;9
Telefonami tra vent'anni - Lucio Dalla;282;179886;0;Lucio Dalla;Pop;2006;2420;78813;55
Sexual Healing - Ben Harper;323;686969;0;Ben Harper;Rock;1999;4837;471144;34
Somewhere I Belong - Linkin Park;213;723837;0;Linkin Park;Alternative;2003;203059;9053903;55
The Fantasy - Thirty Seconds to Mars;269;358224;0;Thirty Seconds to Mars;Rock;2007;58549;1365312;20
Love (Album Version) - Patrice;295;100897;0;Patrice;Pop;1998;1595;197727;17
Heavy Cross - Gossip;242;787394;0;Gossip;Pop;2009;19227;138788;25
So Much Trouble - Izia;242;514400;0;Izia;Rock;2011;36407;127165;5
With You (Bass Force Remix) - Chris Brown;282;33255;0;Chris Brown;Pop;2009;1250;7203092;92
Empire State Of Mind (as made famous by Jay-Z feat. Alicia Keys) - The Future Hit Makers;278;229612;0;The Future Hit Makers;Pop;2009;281;74;4
La Tortura (Alternate Version) - Shakira;213;414455;0;Shakira;Pop;2005;51101;8827640;38
Good Time Boys - Red Hot Chili Peppers;301;309953;0;Red Hot Chili Peppers;Rock;2005;34840;5431252;34
Next To You - Ciara;193;168521;0;Ciara;Pop;2005;18838;1611961;66
Belles ! Belles ! Belles ! (Live Olympia 1964) - Claude Fraois;188;122078;0;Claude Fraois;Pop;2004;872;157189;31
Get Mad Now - Elephant Man;235;136099;0;Elephant Man;Reggae,Dancehall/Ragga;2008;148;221241;156
Matter Of Time - Tahiti 80;241;34576;0;Tahiti 80;Rock;2005;579;12323;14
Je Blesserai Personne - Pierpoljak;223;338941;0;Pierpoljak;Reggae;2006;5642;66789;7
My Bloody Valentine - The United Punks Of America;226;25258;0;The United Punks Of America;Alternative,Indie Rock,Rock;2008;98;26;1
Wonderwall - Oasis;258;6;0;Oasis;Alternative,Indie Rock;2006;299;3428292;41
L'aigle noir - Florent Pagny;260;298123;0;Florent Pagny;Pop;1998;5461;321826;23
Impermeable - HA-ASH;246;441393;0;HA-ASH;Pop;2012;41767;886138;12
Surfin' U.S.A. - Academy Allstars;150;0;0;Academy Allstars;Rock;2009;2;113;32
The Lazy Song - Bruno Mars;190;490841;0;Bruno Mars;Pop;2010;92797;7871923;24
Theme From Grey's Anatomy: Cosy in the Rocket (From "Grey's Anatomy") - Soundtrack & Theme Orchestra;265;124843;0;Soundtrack & Theme Orchestra;Films/Games,Film Scores,Musicals;2008;1047;1743;36
Confessions nocturnes (feat. Vitaa) - Diam's;360;395617;0;Diam's;Rap/Hip Hop;2006;5087;262115;22
Nova - 8D Audio;281;607658;1;8D Audio;Electro;2018;1198;2285;49
New York Is Killing Me - Gil Scott-Heron;270;277616;0;Gil Scott-Heron;R&B;2010;9217;27983;38
Spit Your Game (feat. Twista & Bone Thugs-n-Harmony) - The Notorious B.I.G.;249;59268;0;The Notorious B.I.G.;Rap/Hip Hop;2005;2271;1135396;17
Allez Ola O (radio edit Electro) - Jessy Matador;194;271777;0;Jessy Matador;Dance,Pop,International Pop;2010;4600;60329;29
What's next on the menu - Jazz Liberatorz;104;157205;0;Jazz Liberatorz;Alternative,Electro,Rap/Hip Hop,Jazz Hip Hop;2009;9847;12215;3
Angel - Jimi Hendrix;261;425181;0;Jimi Hendrix;Pop;2010;75424;3315413;32
Night Time - The xx;217;618939;0;The xx;Alternative;2009;202261;966648;25
Fade Out Lines (The Avener Rework) - The Avener;276;737687;0;The Avener;Electro;2014;31858;276523;25
Bad, Bad Boy - Rod Piazza;212;18336;0;Rod Piazza;Rock,Blues;2006;40;377;2
A Sense of Symmetry (Day 2) - Ludovico Einaudi;156;610786;0;Ludovico Einaudi;Classical;2019;3152;1160136;55
The Winner Takes It All - Berk & The Virtual Band;280;167298;0;Berk & The Virtual Band;Jazz;2016;737;2472;10
De Ushuaia a La Quiaca - Gustavo Santaolalla;174;465731;0;Gustavo Santaolalla;;1998;3043;104970;14
Relaxin' with cherry - Kid Loco;328;418396;0;Kid Loco;Alternative,Indie Rock,Electro,Chill Out/Trip-Hop/Lounge,Dance,Pop,Rock;2009;6718;9905;19
African Children (Part 2) (Remastered Album Version) - Aswad;258;32263;0;Aswad;Pop;2002;485;55916;18
Fluorescent Adolescent - Arctic Monkeys;183;424817;0;Arctic Monkeys;Alternative,Indie Rock;2007;22365;3261127;29
Break Stuff - Limp Bizkit;166;598504;1;Limp Bizkit;Rock;2007;57155;1281116;17
911 - Wyclef Jean;259;388003;0;Wyclef Jean;Rap/Hip Hop,Pop,Rock,R&B,Contemporary R&B,East Coast;2001;9378;367219;64
Watcha Want More - Drixx;235;163835;0;Drixx;Electro,Rap/Hip Hop;2009;552;2928;2
Rhythm Is a Dancer - Rhythm Dancers;312;107595;0;Rhythm Dancers;Electro,Dance;2010;152;4;1
Closer - Nine Inch Nails;373;595208;1;Nine Inch Nails;Pop;1995;19824;338279;34
So What - Metallica;188;389983;1;Metallica;Pop;1998;35010;5623299;31
Ouverture - Daft Punk;160;229196;0;Daft Punk;Dance;2003;39484;3771711;31
Fever - Wizkid;252;710394;0;Wizkid;Rap/Hip Hop;2018;9759;408968;40
Is That Your Life (Remix) - Tricky;175;113876;0;Tricky;;2013;291;75897;32
Kashmir - Paul Dianno;459;214270;0;Paul Dianno;Pop,Rock & Roll/Rockabilly,Metal;2006;2390;424;4
Asturias (Isaac Alniz) Deux Valses (Antonio Lauro) - Pedro Ibanez;416;316315;0;Pedro Ibanez;Classical;2007;1865;671;15
Adieu Hti (feat. Toots) - Raphl;181;537303;0;Raphl;Pop;2008;7896;171329;23
Don't Lie - Black Eyed Peas;219;114807;0;Black Eyed Peas;Pop;2006;55555;4674716;38
The Rub - George and Gwen McCrae;212;394095;0;George and Gwen McCrae;R&B;2019;94;10;0
Mushrooms & Roses - Janelle Moe;342;205828;0;Janelle Moe;R&B;2010;23429;112306;31
Perfect (feat. Haris) - Lucas & Steve;176;767125;0;Lucas & Steve;Dance;2019;207;93397;62
You're On - Madeon;192;559040;0;Madeon;Electro,Techno/House,Dance;2014;4792;402884;15
Timber - Pitbull;204;840689;0;Pitbull;Electro,Techno/House,Dance,Pop;2013;100972;6281437;101
Pa' Ti - Arjan;190;370003;0;Arjan;Latin Music;2018;845;130;11
Les chariots de feu (Tme) - Musique De Film;203;467672;0;Musique De Film;Pop;2009;39583;13095;50
My Funny Valentine - Chet Baker;141;67761;0;Chet Baker;Jazz;2008;533;380396;84
Les pailles d'or bries - Tri Yann;235;64828;0;Tri Yann;Pop;2008;9506;34531;29
Die Young - Ed Larx;172;124208;0;Ed Larx;Pop;2018;1;13;22
Hymn for the Weekend (Seeb Remix) - Coldplay;212;759200;0;Coldplay;Dance;2016;29580;13521509;70
Ain't No Mountain High Enough - Marvin Gaye;148;811382;0;Marvin Gaye;Pop,Contemporary Soul,Soul & Funk,Films/Games,Film Scores;2007;27526;1201040;70
Music - Leela James;243;460691;0;Leela James;R&B;2005;10507;37674;23
Avancer - RIDSA;217;659117;0;RIDSA;;2017;61645;665483;25
Do Leme Ao Pontal - Tim Maia;192;347449;0;Tim Maia;;2012;4129;443991;12
Les filles d'aujourd'hui - Joyce Jonathan;262;858863;0;Joyce Jonathan;Pop;2016;25129;296960;10
Jour de paix - 113;246;441771;1;113;Rap/Hip Hop;2005;29187;334291;13
Les Voiles - Poom;273;439824;0;Poom;Electro;2014;1558;5412;6
People Get Ready - Seal;215;12516;0;Seal;Pop;2008;19940;311471;46
We Adore You, Lord Jesus Christ (Adoramus te o Christe) - Tai;250;68584;0;Tai;;1999;576;3723;27
La venue du MC - MC Solaar;151;346911;0;MC Solaar;Pop;2017;75759;112726;26
Rise Up - Maude;148;477465;0;Maude;Pop;2014;7809;258650;3
Express Yourself - Diplo;171;194542;0;Diplo;Electro;2013;3610;1098585;79
Dead Inside - Muse;262;378419;0;Muse;Alternative;2015;6295;4054052;51
Hoped+And+Prayed - Spain;234;126848;0;Spain;Rock;2002;571;1987;8
Reasons - Earth, Wind & Fire;295;202200;0;Earth, Wind & Fire;Pop,R&B;2008;10098;625381;36
I Wish It Could Be Xmas Every Day - Christmas Groove Band;250;1615;0;Christmas Groove Band;Kids,Pop;2006;362;1053;7
It Gets Louder - Korch, Frederik Olufsen;504;6;0;Korch, Frederik Olufsen;Electro,Techno/House;2012;0;0;0
Intouchable - Sarah Riani;234;10354;0;Sarah Riani;Rap/Hip Hop;2009;219;7302;6
Disco Heaven - Lady Gaga;221;303155;0;Lady Gaga;Pop;2009;176414;5513042;44
Back For You - Ben L'oncle Soul;288;385030;0;Ben L'oncle Soul;;2010;137876;234562;13
Lcriture automatique avec l'hypnose - Constant Winnerman;1640;51950;0;Constant Winnerman;Pop;2012;267;658;23
Nazara - Tiken Jah Fakoly;266;401759;0;Tiken Jah Fakoly;;2003;26913;374286;9
Suite Bergamasque, L 75: III. Clair de lune - Peter Schmalfuss;312;112005;0;Peter Schmalfuss;Classical;2009;317;347;240
That Should Be Me (Album Version) - Justin Bieber;232;348237;0;Justin Bieber;Pop;2010;117041;8274245;37
Blue (Da Ba Dee) - I'm Blue;222;640274;0;I'm Blue;Films/Games,Film Scores;2012;4515;744;3
Pour moi la vie va commencer (BOF "D' viens-tu Johnny ?") - Johnny Hallyday;132;305351;0;Johnny Hallyday;Pop;2003;1197;561106;105
Balance ton quoi - Anle;189;985924;0;Anle;Pop;2018;344593;582870;8
Sleepless - Flume;209;473904;0;Flume;Electro;2012;26016;287546;30
Qui a le droit - Patrick Bruel;251;725865;0;Patrick Bruel;;2007;21259;462927;27
Orff: Carmina Burana: Introduction, Fortuna Imperatrix Mundi, No. 1 Chorus "O Fortuna" - Michel Plasson;147;430266;0;Michel Plasson;Classical;2001;16360;1156;47
Turn The Tide - D.J. Disco Dance;296;34;0;D.J. Disco Dance;;2010;25;103;15
La poue qui fait non - Florent Pagny;237;213140;0;Florent Pagny;Pop;2002;5832;321885;23
Il Mio Rifuggio (Christian Sims Remix) - Mosimann;250;49578;0;Mosimann;Pop;2008;2323;51381;49
Prison - ATK;264;76720;1;ATK;Rap/Hip Hop,Pop,International Pop;2014;1339;15396;8
Wake Me Up - Avicii;247;926076;0;Avicii;Dance;2013;439877;6845291;54
The Boy Is Mine (with Monica) (Radio Edit With Intro) - Brandy;294;10187;0;Brandy;Rap/Hip Hop,Pop,Rock,R&B,Contemporary R&B;2005;3697;379241;19
Zombie - Mtre Gims;244;799097;0;Mtre Gims;Rap/Hip Hop;2013;520963;3482653;24
Writer's Block - Just Jack;222;551238;0;Just Jack;Pop;2007;8493;20869;14
Pura Vida - Flavia Coelho;211;212301;0;Flavia Coelho;;2016;169;30621;13
Elephant Love Medley (From "Moulin Rouge" Soundtrack) - Ewan McGregor;251;538934;0;Ewan McGregor;Pop;2001;66273;2990;1
Maldon - Zouk Machine;243;663162;0;Zouk Machine;Pop,International Pop;2008;533;12747;3
Let Me Love You - Mario;249;851332;0;Mario;R&B;2004;13800;278072;38
Cross-Eyed Mary - Jethro Tull;250;539919;0;Jethro Tull;Rock;1996;22043;147995;82
Maneater - Nelly Furtado;258;733558;0;Nelly Furtado;Pop;2007;11210;904071;40
Bling-bling - Adrien Antoine;186;658671;0;Adrien Antoine;Films/Games,Film Scores;2016;75609;48;0
Coma - Guns N' Roses;616;485372;1;Guns N' Roses;Rock;1991;133693;5849337;21
Enter Sandman - Metallica;331;904285;0;Metallica;Pop;1991;164543;5623414;31
Be Alright (Acoustic) - Dean Lewis;197;862057;1;Dean Lewis;Singer & Songwriter;2018;2823;61868;19
Aya Benzer - Mustafa Sandal;231;410727;0;Mustafa Sandal;Pop,International Pop;2008;2841;99673;27
Ne partons pas cs - Raphl;193;625475;0;Raphl;Pop;2005;60094;171337;23
Mr. Vain (Direct Hit Remix) - Culture Beat;469;17840;0;Culture Beat;Electro,Dance,Pop;2008;60;17382;22
Mourir demain - Natasha St-Pier;217;570418;0;Natasha St-Pier;Pop;2003;4326;69608;29
Undisclosed Desires - Muse;236;759788;0;Muse;Alternative;2009;380172;4054065;51
Au ca des lices - Patrick Bruel;317;373260;0;Patrick Bruel;;2007;21259;462928;27
Margherita - Riccardo Cocciante;269;228596;0;Riccardo Cocciante;Pop,International Pop,Rock,Latin Music,Singer & Songwriter;2007;823;17548;27
Shoop - Salt-N-Pepa;248;21670;0;Salt-N-Pepa;Films/Games,Film Scores,Soundtracks;2016;21839;30305;14
Controlla - Drake;245;779153;1;Drake;Rap/Hip Hop;2016;485588;19580076;41
Mi Generacn (Album Version) - Beatriz Luengo;222;265524;0;Beatriz Luengo;Pop;2005;1554;33569;14
A Dios Le Pido - Juanes;205;616897;0;Juanes;Latin Music;2004;15397;1108350;61
La bome - Charles Aznavour;261;326904;0;Charles Aznavour;Pop;2008;4824;354464;94
Somebody to Love - Jefferson Airplane;174;701879;0;Jefferson Airplane;Pop,Rock;2003;7234;152587;24
J'ai perdu le do de ma clarinette - Claude Lombard;141;63473;0;Claude Lombard;Pop,International Pop;2007;793;495;12
Some People (ton sir) (Radio Edit) - Ocean Drive;212;520198;0;Ocean Drive;Electro,Techno/House,Dance;2009;2173;13674;16
Starz In Their Eyes - Just Jack;295;214713;0;Just Jack;Pop;2007;1530;20869;14
Mon Amie La Rose - Natacha Atlas;286;558601;0;Natacha Atlas;Electro,Dance,Pop,International Pop;1999;4204;9605;19
Afternoons in Utopia - Alphaville;186;225978;0;Alphaville;Pop;1986;2566;167074;14
Daily Delhi - Matmatah;112;0;0;Matmatah;Pop,Rock;2006;363;163659;16
Sinaya - Sousou & Maher Cissoko;291;112480;0;Sousou & Maher Cissoko;;2014;151;636;6
Spooky - Dusty Springfield;164;530472;0;Dusty Springfield;Pop;2001;1081;35705;23
Elgar / Transc. Walter: Salut d'amour, Op. 12 - Gautier Capucon;164;297200;0;Gautier Capucon;Classical;2018;3847;5793;20
On me dit tu - Fishbach;220;368301;0;Fishbach;;2017;14024;13286;8
Pourquoi Ca Tout Le Temps (Single Version) - Louise Attaque;98;200720;0;Louise Attaque;Rock;2003;4965;432013;6
Money ant Buy Love - Perfect;186;3;0;Perfect;Reggae,Dancehall/Ragga;2010;72;19722;11
Pa kite mwen - La Compagnie Cole;180;50129;0;La Compagnie Cole;Pop;2004;1627;36601;27
L'accoroniste -dith Piaf;189;116225;0;dith Piaf;Pop;2007;452;311693;15
Qui de nous deux - M;225;261789;0;M;Pop;2003;1523;335657;33
I Grieve - Various Artists;475;11;0;Various Artists;Alternative,Indie Rock,Pop,Indie Pop/Folk,Rock,Blues,Films/Games,Film Scores;2007;412;141071;0
Never Let Me Down Again (2006 Remaster) - Depeche Mode;258;321393;0;Depeche Mode;Alternative;2006;10661;2052869;47
Heavy Metal - Ugly Kid Joe;26;76583;0;Ugly Kid Joe;Pop;1992;622;20430;7
Jagr Din Fiende - Shining;424;69424;0;Shining;Metal;2017;8;14517;19
That's The Joint - Black Eyed Peas;227;267425;0;Black Eyed Peas;Pop;2009;164978;4674740;37
Lonesome Town - Ricky Nelson;136;384846;0;Ricky Nelson;Pop;1997;868;6483;467
If You Leave Me Now (2007 Remaster) - Chicago;235;416170;0;Chicago;Rock;2007;5576;131111;143
True To Myself - Ziggy Marley;225;623071;0;Ziggy Marley;Pop,Reggae;2003;13634;508394;23
You Make Me Feel (Mighty Real) (Live) - Sylvester;635;115746;0;Sylvester;Jazz;2006;145;6633;50
I Need This - Jessie J;261;7588;0;Jessie J;Pop;2010;26575;4426568;30
Come Alive (Shining) - FMLYBND;203;330667;0;FMLYBND;Alternative,Rock,Indie Rock/Rock pop;2014;382;1614;13
Dangerous (Feat. Muggs & Lady Luck) (Album Version Explicit) - DJ Clue;192;33691;1;DJ Clue;R&B;2001;1363;1097;7
Pick Up Off The Floor - MIKA;202;26902;0;MIKA;Pop;2009;420;759211;45
Heroes - ns Zelmerw;190;551851;0;ns Zelmerw;Pop;2015;8038;34471;37
Because You Live - Jesse McCartney;203;321805;0;Jesse McCartney;Rock;2006;5093;43591;23
So Long, Jimmy - James Blunt;264;498245;0;James Blunt;Pop;2005;84722;1149211;28
Malo - Bebe;213;529786;1;Bebe;Pop;2005;20741;40944;34
Je Pense A Toi (Album Version) - Les Wampas;237;173896;0;Les Wampas;Rock;2004;3547;57175;10
La brune - Louise Attaque;115;621395;0;Louise Attaque;Rock;2002;251494;432013;6
The Rock Show - blink-182;171;132827;1;blink-182;Pop;2001;21358;1463464;28
New Age - Marlon Roudette;211;645773;0;Marlon Roudette;Pop;2011;5470;94502;9
Little Green Bag - George Baker Selection;243;546579;0;George Baker Selection;Pop;2003;1277;3202;26
La rebelion - Joe Arroyo;376;665726;0;Joe Arroyo;;2007;3394;231338;35
Money Comes Money Goes - Jim Jones;245;22471;0;Jim Jones;Rap/Hip Hop;2009;179;40961;65
The Answer - Ernest Ranglin;461;22117;0;Ernest Ranglin;Jazz;2010;21;40883;26
Propuesta Indecente - Romeo Santos;235;791776;0;Romeo Santos;Latin Music;2013;123368;2684728;13
I'm That Guy - Agar Agar;448;595351;0;Agar Agar;Alternative,Rock;2016;9386;19434;8
The Stomp - The Hives;114;313908;0;The Hives;Alternative;1997;963;175878;17
Sonate pour fte, alto et harpe: III. Final: Allegro moderato ma risoluto - Peter-Lukas Graf;279;11305;0;Peter-Lukas Graf;Classical;1987;190;247;35
Spread Love (Paddington) [feat. DVNO] - Boston Bun;192;470772;0;Boston Bun;Dance,Pop;2018;587;7683;21
Mr. Crowley - Ozzy Osbourne;302;605405;0;Ozzy Osbourne;Rock,Hard Rock,Metal;1980;21232;1717267;24
Get Right - Jennifer Lopez;227;793543;0;Jennifer Lopez;Dance,Pop,Rock;2001;7351;5097032;78
Tired of This Shit - The Bloody Hollies;123;139235;0;The Bloody Hollies;Alternative,Indie Rock,Rock;2012;96;328;5
Margherita - La Scapigliatura;219;157490;0;La Scapigliatura;Alternative,Indie Pop;2015;95;502;4
White Christmas - Katy Perry;200;104823;0;Katy Perry;Pop;2008;2550;7190365;47
Montagem gostoso ser diferente - Mulher Moraguinho;127;118743;0;Mulher Moraguinho;Brazilian Music,Dance,Pop;2010;5992;139;0
Child Of The Universe - Barclay James Harvest;302;425771;0;Barclay James Harvest;Pop;1992;7683;15704;31
Spectacular Failures/Koolaid - Just Jack;790;137105;0;Just Jack;Pop;2007;1530;20869;14
Allo Georgina - Michel Polnareff;171;165222;0;Michel Polnareff;Pop;2009;4108;87649;7
Stupid - Bobby Womack;231;545013;0;Bobby Womack;Electro,R&B,Contemporary Soul;2012;15238;76758;56
Valentine's Day - Linkin Park;196;503790;0;Linkin Park;Alternative;2007;158270;9054172;55
Save Me - Queen;228;182545;0;Queen;Rock;2011;142762;7655208;57
Psycho - System of a Down;225;7;0;System of a Down;Pop,Metal;2001;29860;4075126;10
Ce ve bleu - Karine Costa;159;560874;0;Karine Costa;Films/Games,Film Scores;2019;1268;1421;2
I Love My Room - Elliott Smith;322;43898;0;Elliott Smith;Films/Games,Film Scores;2016;1323;61795;17
My Life - Dido;179;264012;0;Dido;Pop;1999;15704;387089;48
Desahogo (Deezer Next Session, Medellin) - Mabiland;189;189692;0;Mabiland;Rap/Hip Hop;2020;210;1303;14
L'Avventura - Stone et Charden;233;221518;0;Stone et Charden;Pop,International Pop;2008;9405;1805;10
American+Way+Of+Life - Le+Maximum+Kouette;202;112517;0;Le+Maximum+Kouette;Rock;2006;3434;2932;0
Love Me Like You Do (From "Fifty Shades Of Grey") - Ellie Goulding;250;934626;0;Ellie Goulding;Films/Games,Film Scores;2015;175041;5508913;40
Beautiful Tango (Remastered Version) - Hindi Zahra;236;584411;0;Hindi Zahra;Jazz,Pop,International Pop,Rock,Singer & Songwriter;2010;25726;108466;7
Manifeste (feat. Aknaton) - Shurik'n;276;546305;0;Shurik'n;Rap/Hip Hop;2003;36592;47001;4
Easy - Commodores;256;685802;0;Commodores;Pop;1992;28713;176787;26
Comme ils disent - Charles Aznavour;295;158009;0;Charles Aznavour;Pop;2013;1602;354466;94
Call Me - Aretha Franklin;234;160521;0;Aretha Franklin;Pop;1985;15926;1179024;86
Outro (Encore une soie...) - Soprano;210;536016;0;Soprano;Rap/Hip Hop;2019;46113;1772051;16
Splendor In the Grass - Pink Martini;220;338908;0;Pink Martini;Alternative;2016;748;73684;10
Calumet - Hornet La Frappe;181;983255;1;Hornet La Frappe;Rap/Hip Hop;2020;12651;773668;22
Impeach the President - The Sure Fire Soul Ensemble;170;457710;0;The Sure Fire Soul Ensemble;R&B,Soul & Funk;2019;36;522;7
Hell's Bells (as made famous by AC/DC) - The Kings Of High Voltage;303;21007;0;The Kings Of High Voltage;Rock,Hard Rock;2009;129;42;1
Sha La La Lee - Small Faces;173;456817;0;Small Faces;Rock,Rock & Roll/Rockabilly;2015;325;19228;46
Je l'ai pas touce - Christophe;246;360847;0;Christophe;Pop;2008;207;54774;22
Beatus vir - Soprano 2 Predominant - Claudio Monteverdi;540;25068;1;Claudio Monteverdi;Classical;2014;101;4642;11
Anywhere Out of the World - Dead Can Dance;305;211408;0;Dead Can Dance;;1991;8557;91738;13
Happy Birthday! - Various Artists;36;1184;0;Various Artists;Pop;2010;425;141076;0
Spiritual Dreams [feat. Chillwalker] (Mystic Vocal Mix) - Zina Rao;322;12;0;Zina Rao;Electro,Chill Out/Trip-Hop/Lounge;2009;3739;60;0
Black and Yellow - Wiz Khalifa;217;729308;1;Wiz Khalifa;Rap/Hip Hop;2010;39281;6169800;83
Luxurious - Gwen Stefani;264;433080;0;Gwen Stefani;Pop;2004;21164;756751;30
We No Speak Americano (Original Version) - Yolanda Be Cool vs. DCUP;269;17914;0;Yolanda Be Cool vs. DCUP;Electro,Techno/House,Dance;2010;1755;96;0
Le Long De La Route - ZAZ;217;8455;0;ZAZ;;2010;74988;463757;25
Back & Forth - MK;196;750130;0;MK;Dance;2018;2394;26971;33
Profondo rosso (Mixhell remix) - Chewy Chocolate Cookies;283;52034;0;Chewy Chocolate Cookies;Electro,Techno/House;2008;653;4966;14
La Tactique (AEO) (Instrumental) - Le 6-9;205;94600;0;Le 6-9;Pop;2004;167;1465;0
Nana De Los Rosales (Nana) - Miguel Poveda;246;95739;0;Miguel Poveda;;2012;1428;8846;22
Wild World - 2009 Remastered Version (2009 Remastered Version) - Mr. Big;208;556888;0;Mr. Big;Rock;1993;768;63593;31
Piensa En Mi - Luz Casal;268;336365;0;Luz Casal;Jazz;2013;596;21695;37
Maria Caracoles - Santana;274;112728;0;Santana;Pop;1990;1063;843566;50
Our Bright Future - Tracy Chapman;251;333956;0;Tracy Chapman;Folk;2008;38015;408618;10
No Fun (Play the Guitar Johnny) (Live at AB 27-10-06) - Vitalic;357;251021;0;Vitalic;Electro;2007;9898;256510;20
'Izia - Claudio Baglioni;167;32372;0;Claudio Baglioni;Pop;1988;279;66449;56
Thunderclouds - LSD;187;894813;0;LSD;Pop;2018;43604;70858;13
Girls (Live At L'Olympia) - Ayo;463;286295;0;Ayo;Dance,Pop,Rock,R&B,Contemporary Soul;2007;21199;185347;13
Autant en emporte le vent (Tme) - Musique De Film;136;357283;0;Musique De Film;Pop;2009;39585;13095;50
Pane E Sale - Zucchero;313;284528;0;Zucchero;Pop;1995;2401;56998;31
Lost in the Sea - Aqualise;526;17583;0;Aqualise;Electro,Chill Out/Trip-Hop/Lounge,Dance;2010;68;4008;7
Soul Kitchen (New Stereo Mix, Advanced Resolution) - The Doors;211;221317;0;The Doors;Rock;2008;34979;2505993;40
It Ain't Over 'Til It's Over - Lenny Kravitz;242;688190;0;Lenny Kravitz;Rock;2000;92112;1235803;44
La vie se chante, la vie se pleure (Down by the Water) - Joe Dassin;254;292905;0;Joe Dassin;;2010;17385;213941;30
DotA (Asshunter Remix) - Basshunter;349;103972;0;Basshunter;Alternative,Indie Rock,Dance,Pop,Rock;2007;506;310955;12
J'attends - Ben Maz;280;736146;0;Ben Maz;;2018;1730;49055;14
Get Back In My Life - Maroon 5;217;278211;0;Maroon 5;Pop;2011;59153;8712151;56
Sinfonia No. 3 in Mi bemolle maggiore, Op. 55 - Eroica: Finale allegro molto - Rudolf Buchbinder;689;22436;0;Rudolf Buchbinder;Classical;2010;170;71;57
Blame It On The Girls - MIKA;213;152538;0;MIKA;Pop;2009;34720;759211;45
Tout Doit Dispartre - Mass Hysteria;264;262963;0;Mass Hysteria;Metal;2012;6317;53069;10
The Parachute Ending - Birdy Nam Nam;350;441075;0;Birdy Nam Nam;Electro;2009;27997;237055;12
Les Eaux De Mars - Atlantique;224;207109;0;Atlantique;Pop,International Pop;2000;1342;71;1
Fanny - Merzhin;191;0;0;Merzhin;Pop;2006;772;28427;16
Say Goodbye Hollywood - Eminem;272;567005;1;Eminem;Rap/Hip Hop;2007;403207;12799808;41
Veni vidi vici - La Fouine;252;584285;0;La Fouine;Rap/Hip Hop;2010;14311;1690816;47
Le vent nous portera - Noir sir;274;586846;0;Noir sir;Rock;2005;40823;669391;4
Love Don't Let Me Go - David Guetta;216;784602;0;David Guetta;Dance;2002;29202;16836622;175
La femme d'argent - Air;426;602306;0;Air;Electro;1998;52328;213181;16
Treat Yo Mama (Funky Mix) - John Butler Trio;463;122421;0;John Butler Trio;Rock;2004;201;122299;28
Respect (Radio Edit) - Alliance Ethnik;259;593121;0;Alliance Ethnik;Rap/Hip Hop;2003;10749;14398;4
 Sensible Remix (feat. Colonel Reyel & Marshall Dixon) - Serge Beynaud;189;65000;0;Serge Beynaud;;2013;2654;63286;38
Human Nature - Michael Jackson;245;9;0;Michael Jackson;Pop;2009;16949;8998769;35
I Bruise Easily - Natasha Bedingfield;252;0;0;Natasha Bedingfield;Dance,Pop,Rock;2004;312;127242;28
Lucky - Jason Mraz;191;362777;0;Jason Mraz;Pop;2009;3394;2049179;57
February Song - Josh Groban;312;123173;0;Josh Groban;Pop;2006;1839;108004;43
Hallelujah - Leonard Cohen;279;393013;0;Leonard Cohen;Alternative,Indie Rock,Rock,Folk,Singer & Songwriter;2008;7874;376182;33
The Playground - Douglas Dare;311;315869;0;Douglas Dare;Alternative;2020;197;2873;7
avf - Stromae;225;685274;0;Stromae;Pop;2013;1071407;2382299;11
Furious Angels (Instrumental) - Rob Dougan;329;350393;0;Rob Dougan;Rock;2009;4637;8162;1
Lost on You - LP;268;844240;0;LP;Alternative;2016;47868;169518;21
Please Come Home (That's a Pretty Good Love) - Smokey Joe & The Kid;234;131565;0;Smokey Joe & The Kid;Alternative,Electro,Chill Out/Trip-Hop/Lounge,Dance,Rap/Hip Hop;2016;186;19361;11
A Pic - R.Wan;190;472751;0;R.Wan;Pop,Rock;2008;7062;14182;5
F.U.Y.A. - C2C;305;601410;0;C2C;Electro;2012;219987;460120;1
PRETZELBODYLOGIC - Prince;206;157653;0;Prince;Rock;2014;8937;594840;52
